,Trial,Frame,Rater,Label
0,P01T04,175,Algorithm,Head
1,P01T04,175,Rater1,Head
2,P01T04,175,Rater2,Head
3,P01T04,175,Rater3,Head
4,P01T04,176,Algorithm,Chest
5,P01T04,176,Rater1,Head
6,P01T04,176,Rater2,Chest
7,P01T04,176,Rater3,Head
8,P01T04,177,Algorithm,Chest
9,P01T04,177,Rater1,Chest
10,P01T04,177,Rater2,Chest
11,P01T04,177,Rater3,Head
12,P01T04,178,Algorithm,Chest
13,P01T04,178,Rater1,Chest
14,P01T04,178,Rater2,Chest
15,P01T04,178,Rater3,Head
16,P01T04,179,Algorithm,Chest
17,P01T04,179,Rater1,Chest
18,P01T04,179,Rater2,Chest
19,P01T04,179,Rater3,Head
20,P01T04,180,Algorithm,Head
21,P01T04,180,Rater1,Head
22,P01T04,180,Rater2,Head
23,P01T04,180,Rater3,Head
24,P01T04,181,Algorithm,Head
25,P01T04,181,Rater1,Head
26,P01T04,181,Rater2,Head
27,P01T04,181,Rater3,Head
28,P01T04,182,Algorithm,Head
29,P01T04,182,Rater1,Head
30,P01T04,182,Rater2,Head
31,P01T04,182,Rater3,Head
32,P01T04,183,Algorithm,Head
33,P01T04,183,Rater1,Head
34,P01T04,183,Rater2,Head
35,P01T04,183,Rater3,Head
36,P01T04,184,Algorithm,Head
37,P01T04,184,Rater1,Head
38,P01T04,184,Rater2,Head
39,P01T04,184,Rater3,Head
40,P01T04,185,Algorithm,Head
41,P01T04,185,Rater1,Head
42,P01T04,185,Rater2,Head
43,P01T04,185,Rater3,Head
44,P01T04,186,Algorithm,Head
45,P01T04,186,Rater1,Head
46,P01T04,186,Rater2,Head
47,P01T04,186,Rater3,Head
48,P01T04,187,Algorithm,Head
49,P01T04,187,Rater1,Head
50,P01T04,187,Rater2,Head
51,P01T04,187,Rater3,Head
52,P01T04,188,Algorithm,Chest
53,P01T04,188,Rater1,Head
54,P01T04,188,Rater2,Head
55,P01T04,188,Rater3,Head
56,P01T04,189,Algorithm,Chest
57,P01T04,189,Rater1,Head
58,P01T04,189,Rater2,Head
59,P01T04,189,Rater3,Head
60,P01T04,190,Algorithm,Chest
61,P01T04,190,Rater1,Head
62,P01T04,190,Rater2,Head
63,P01T04,190,Rater3,Head
64,P01T04,191,Algorithm,Head
65,P01T04,191,Rater1,Head
66,P01T04,191,Rater2,Head
67,P01T04,191,Rater3,Head
68,P01T04,192,Algorithm,Chest
69,P01T04,192,Rater1,Chest
70,P01T04,192,Rater2,Head
71,P01T04,192,Rater3,Head
72,P01T04,193,Algorithm,Chest
73,P01T04,193,Rater1,Chest
74,P01T04,193,Rater2,Chest
75,P01T04,193,Rater3,Chest
76,P01T04,194,Algorithm,Chest
77,P01T04,194,Rater1,Chest
78,P01T04,194,Rater2,Chest
79,P01T04,194,Rater3,Chest
80,P01T04,195,Algorithm,Chest
81,P01T04,195,Rater1,Chest
82,P01T04,195,Rater2,Chest
83,P01T04,195,Rater3,Chest
84,P01T04,196,Algorithm,Chest
85,P01T04,196,Rater1,Chest
86,P01T04,196,Rater2,Chest
87,P01T04,196,Rater3,Chest
88,P01T04,197,Algorithm,Chest
89,P01T04,197,Rater1,Chest
90,P01T04,197,Rater2,Chest
91,P01T04,197,Rater3,Chest
92,P01T04,198,Algorithm,Chest
93,P01T04,198,Rater1,Chest
94,P01T04,198,Rater2,Chest
95,P01T04,198,Rater3,Chest
96,P01T04,199,Algorithm,Chest
97,P01T04,199,Rater1,Chest
98,P01T04,199,Rater2,Chest
99,P01T04,199,Rater3,Chest
100,P01T04,200,Algorithm,Chest
101,P01T04,200,Rater1,Chest
102,P01T04,200,Rater2,Chest
103,P01T04,200,Rater3,Chest
104,P01T04,201,Algorithm,Chest
105,P01T04,201,Rater1,Chest
106,P01T04,201,Rater2,Chest
107,P01T04,201,Rater3,Chest
108,P01T04,202,Algorithm,Chest
109,P01T04,202,Rater1,Chest
110,P01T04,202,Rater2,Chest
111,P01T04,202,Rater3,Chest
112,P01T04,203,Algorithm,Chest
113,P01T04,203,Rater1,Chest
114,P01T04,203,Rater2,Chest
115,P01T04,203,Rater3,Chest
116,P01T04,204,Algorithm,Chest
117,P01T04,204,Rater1,Chest
118,P01T04,204,Rater2,Chest
119,P01T04,204,Rater3,Chest
120,P01T04,205,Algorithm,Chest
121,P01T04,205,Rater1,Chest
122,P01T04,205,Rater2,Chest
123,P01T04,205,Rater3,Chest
124,P01T04,206,Algorithm,Chest
125,P01T04,206,Rater1,Chest
126,P01T04,206,Rater2,Chest
127,P01T04,206,Rater3,Chest
128,P01T04,207,Algorithm,Chest
129,P01T04,207,Rater1,Chest
130,P01T04,207,Rater2,Chest
131,P01T04,207,Rater3,Chest
132,P01T04,208,Algorithm,Chest
133,P01T04,208,Rater1,Chest
134,P01T04,208,Rater2,Chest
135,P01T04,208,Rater3,Chest
136,P01T04,209,Algorithm,Chest
137,P01T04,209,Rater1,Chest
138,P01T04,209,Rater2,Chest
139,P01T04,209,Rater3,Chest
140,P01T04,210,Algorithm,Chest
141,P01T04,210,Rater1,Chest
142,P01T04,210,Rater2,Chest
143,P01T04,210,Rater3,Chest
144,P01T04,211,Algorithm,Chest
145,P01T04,211,Rater1,Chest
146,P01T04,211,Rater2,Chest
147,P01T04,211,Rater3,Chest
148,P01T04,212,Algorithm,Chest
149,P01T04,212,Rater1,Chest
150,P01T04,212,Rater2,Chest
151,P01T04,212,Rater3,Chest
152,P01T04,213,Algorithm,Chest
153,P01T04,213,Rater1,Chest
154,P01T04,213,Rater2,Chest
155,P01T04,213,Rater3,Chest
156,P01T04,214,Algorithm,Chest
157,P01T04,214,Rater1,Chest
158,P01T04,214,Rater2,Chest
159,P01T04,214,Rater3,Chest
160,P01T04,215,Algorithm,Chest
161,P01T04,215,Rater1,Chest
162,P01T04,215,Rater2,Chest
163,P01T04,215,Rater3,Chest
164,P01T04,216,Algorithm,Chest
165,P01T04,216,Rater1,Chest
166,P01T04,216,Rater2,Chest
167,P01T04,216,Rater3,Chest
168,P01T04,218,Algorithm,Chest
169,P01T04,218,Rater1,Chest
170,P01T04,218,Rater2,Chest
171,P01T04,218,Rater3,Chest
172,P01T04,219,Algorithm,Chest
173,P01T04,219,Rater1,Chest
174,P01T04,219,Rater2,Chest
175,P01T04,219,Rater3,Chest
176,P01T04,220,Algorithm,Chest
177,P01T04,220,Rater1,Chest
178,P01T04,220,Rater2,Chest
179,P01T04,220,Rater3,Chest
180,P01T04,221,Algorithm,Chest
181,P01T04,221,Rater1,Chest
182,P01T04,221,Rater2,Chest
183,P01T04,221,Rater3,Chest
184,P01T04,222,Algorithm,Chest
185,P01T04,222,Rater1,Chest
186,P01T04,222,Rater2,Chest
187,P01T04,222,Rater3,Chest
188,P01T04,223,Algorithm,Chest
189,P01T04,223,Rater1,Chest
190,P01T04,223,Rater2,Chest
191,P01T04,223,Rater3,Chest
192,P01T04,224,Algorithm,Chest
193,P01T04,224,Rater1,Chest
194,P01T04,224,Rater2,Chest
195,P01T04,224,Rater3,Chest
196,P01T04,225,Algorithm,Chest
197,P01T04,225,Rater1,Chest
198,P01T04,225,Rater2,Chest
199,P01T04,225,Rater3,Chest
200,P01T04,226,Algorithm,Chest
201,P01T04,226,Rater1,Chest
202,P01T04,226,Rater2,Chest
203,P01T04,226,Rater3,Chest
204,P01T04,227,Algorithm,Chest
205,P01T04,227,Rater1,Chest
206,P01T04,227,Rater2,Chest
207,P01T04,227,Rater3,Chest
208,P01T04,228,Algorithm,Chest
209,P01T04,228,Rater1,Chest
210,P01T04,228,Rater2,Chest
211,P01T04,228,Rater3,Chest
212,P01T04,229,Algorithm,Chest
213,P01T04,229,Rater1,Chest
214,P01T04,229,Rater2,Chest
215,P01T04,229,Rater3,Chest
216,P01T04,230,Algorithm,Chest
217,P01T04,230,Rater1,Chest
218,P01T04,230,Rater2,Chest
219,P01T04,230,Rater3,Chest
220,P01T04,231,Algorithm,Chest
221,P01T04,231,Rater1,Chest
222,P01T04,231,Rater2,Chest
223,P01T04,231,Rater3,Chest
224,P01T04,232,Algorithm,Chest
225,P01T04,232,Rater1,Chest
226,P01T04,232,Rater2,Chest
227,P01T04,232,Rater3,Chest
228,P01T04,233,Algorithm,Chest
229,P01T04,233,Rater1,Chest
230,P01T04,233,Rater2,Chest
231,P01T04,233,Rater3,Chest
232,P01T04,234,Algorithm,Chest
233,P01T04,234,Rater1,Chest
234,P01T04,234,Rater2,Chest
235,P01T04,234,Rater3,Chest
236,P01T04,235,Algorithm,Chest
237,P01T04,235,Rater1,Chest
238,P01T04,235,Rater2,Chest
239,P01T04,235,Rater3,Chest
240,P01T04,236,Algorithm,Chest
241,P01T04,236,Rater1,Chest
242,P01T04,236,Rater2,Chest
243,P01T04,236,Rater3,Chest
244,P01T04,237,Algorithm,Chest
245,P01T04,237,Rater1,Chest
246,P01T04,237,Rater2,Chest
247,P01T04,237,Rater3,Chest
248,P01T04,238,Algorithm,Chest
249,P01T04,238,Rater1,Chest
250,P01T04,238,Rater2,Chest
251,P01T04,238,Rater3,Chest
252,P01T16,147,Algorithm,Head
253,P01T16,147,Rater1,Chest
254,P01T16,147,Rater2,Chest
255,P01T16,147,Rater3,Head
256,P01T16,148,Algorithm,Head
257,P01T16,148,Rater1,Chest
258,P01T16,148,Rater2,Chest
259,P01T16,148,Rater3,Head
260,P01T16,149,Algorithm,Head
261,P01T16,149,Rater1,Chest
262,P01T16,149,Rater2,Chest
263,P01T16,149,Rater3,Head
264,P01T16,158,Algorithm,Head
265,P01T16,158,Rater1,Chest
266,P01T16,158,Rater2,Chest
267,P01T16,158,Rater3,Chest
268,P01T16,159,Algorithm,Head
269,P01T16,159,Rater1,Chest
270,P01T16,159,Rater2,Chest
271,P01T16,159,Rater3,Chest
272,P01T16,160,Algorithm,Head
273,P01T16,160,Rater1,Chest
274,P01T16,160,Rater2,Chest
275,P01T16,160,Rater3,Chest
276,P01T16,161,Algorithm,Head
277,P01T16,161,Rater1,Chest
278,P01T16,161,Rater2,Chest
279,P01T16,161,Rater3,Chest
280,P01T16,162,Algorithm,Chest
281,P01T16,162,Rater1,Chest
282,P01T16,162,Rater2,Chest
283,P01T16,162,Rater3,Chest
284,P01T16,163,Algorithm,Chest
285,P01T16,163,Rater1,Chest
286,P01T16,163,Rater2,Chest
287,P01T16,163,Rater3,Chest
288,P01T16,164,Algorithm,Chest
289,P01T16,164,Rater1,Chest
290,P01T16,164,Rater2,Chest
291,P01T16,164,Rater3,Chest
292,P01T16,165,Algorithm,Chest
293,P01T16,165,Rater1,Chest
294,P01T16,165,Rater2,Chest
295,P01T16,165,Rater3,Chest
296,P01T16,166,Algorithm,Chest
297,P01T16,166,Rater1,Chest
298,P01T16,166,Rater2,Chest
299,P01T16,166,Rater3,Chest
300,P01T16,169,Algorithm,Chest
301,P01T16,169,Rater1,Chest
302,P01T16,169,Rater2,Chest
303,P01T16,169,Rater3,Chest
304,P01T16,170,Algorithm,Chest
305,P01T16,170,Rater1,Chest
306,P01T16,170,Rater2,Chest
307,P01T16,170,Rater3,Chest
308,P01T16,171,Algorithm,Chest
309,P01T16,171,Rater1,Chest
310,P01T16,171,Rater2,Chest
311,P01T16,171,Rater3,Chest
312,P01T16,172,Algorithm,Chest
313,P01T16,172,Rater1,Chest
314,P01T16,172,Rater2,Chest
315,P01T16,172,Rater3,Chest
316,P01T16,173,Algorithm,Chest
317,P01T16,173,Rater1,Chest
318,P01T16,173,Rater2,Chest
319,P01T16,173,Rater3,Chest
320,P01T16,174,Algorithm,Chest
321,P01T16,174,Rater1,Chest
322,P01T16,174,Rater2,Chest
323,P01T16,174,Rater3,Chest
324,P01T16,178,Algorithm,Chest
325,P01T16,178,Rater1,Chest
326,P01T16,178,Rater2,Right arm
327,P01T16,178,Rater3,Right arm
328,P01T16,179,Algorithm,Chest
329,P01T16,179,Rater1,Chest
330,P01T16,179,Rater2,Right arm
331,P01T16,179,Rater3,Chest
332,P01T16,180,Algorithm,Chest
333,P01T16,180,Rater1,Chest
334,P01T16,180,Rater2,Right arm
335,P01T16,180,Rater3,Chest
336,P01T16,181,Algorithm,Chest
337,P01T16,181,Rater1,Chest
338,P01T16,181,Rater2,Chest
339,P01T16,181,Rater3,Chest
340,P01T16,182,Algorithm,Chest
341,P01T16,182,Rater1,Chest
342,P01T16,182,Rater2,Chest
343,P01T16,182,Rater3,Chest
344,P01T16,183,Algorithm,Chest
345,P01T16,183,Rater1,Chest
346,P01T16,183,Rater2,Chest
347,P01T16,183,Rater3,Chest
348,P01T16,184,Algorithm,Chest
349,P01T16,184,Rater1,Chest
350,P01T16,184,Rater2,Chest
351,P01T16,184,Rater3,Chest
352,P01T16,185,Algorithm,Chest
353,P01T16,185,Rater1,Chest
354,P01T16,185,Rater2,Chest
355,P01T16,185,Rater3,Chest
356,P01T16,186,Algorithm,Chest
357,P01T16,186,Rater1,Chest
358,P01T16,186,Rater2,Chest
359,P01T16,186,Rater3,Chest
360,P01T16,187,Algorithm,Chest
361,P01T16,187,Rater1,Chest
362,P01T16,187,Rater2,Chest
363,P01T16,187,Rater3,Chest
364,P01T16,188,Algorithm,Chest
365,P01T16,188,Rater1,Chest
366,P01T16,188,Rater2,Chest
367,P01T16,188,Rater3,Chest
368,P01T16,189,Algorithm,Chest
369,P01T16,189,Rater1,Chest
370,P01T16,189,Rater2,Chest
371,P01T16,189,Rater3,Chest
372,P01T16,190,Algorithm,Chest
373,P01T16,190,Rater1,Chest
374,P01T16,190,Rater2,Chest
375,P01T16,190,Rater3,Chest
376,P01T16,191,Algorithm,Chest
377,P01T16,191,Rater1,Chest
378,P01T16,191,Rater2,Chest
379,P01T16,191,Rater3,Chest
380,P01T16,192,Algorithm,Chest
381,P01T16,192,Rater1,Chest
382,P01T16,192,Rater2,Chest
383,P01T16,192,Rater3,Chest
384,P01T16,193,Algorithm,Chest
385,P01T16,193,Rater1,Chest
386,P01T16,193,Rater2,Chest
387,P01T16,193,Rater3,Chest
388,P01T16,194,Algorithm,Chest
389,P01T16,194,Rater1,Chest
390,P01T16,194,Rater2,Chest
391,P01T16,194,Rater3,Chest
392,P01T16,195,Algorithm,Chest
393,P01T16,195,Rater1,Chest
394,P01T16,195,Rater2,Chest
395,P01T16,195,Rater3,Chest
396,P01T16,196,Algorithm,Chest
397,P01T16,196,Rater1,Chest
398,P01T16,196,Rater2,Chest
399,P01T16,196,Rater3,Chest
400,P01T16,197,Algorithm,Chest
401,P01T16,197,Rater1,Chest
402,P01T16,197,Rater2,Chest
403,P01T16,197,Rater3,Chest
404,P01T18,113,Algorithm,Head
405,P01T18,113,Rater1,Head
406,P01T18,113,Rater2,Head
407,P01T18,113,Rater3,Head
408,P01T18,114,Algorithm,Chest
409,P01T18,114,Rater1,Head
410,P01T18,114,Rater2,Head
411,P01T18,114,Rater3,Head
412,P01T18,115,Algorithm,Chest
413,P01T18,115,Rater1,Head
414,P01T18,115,Rater2,Head
415,P01T18,115,Rater3,Head
416,P01T18,116,Algorithm,Head
417,P01T18,116,Rater1,Head
418,P01T18,116,Rater2,Head
419,P01T18,116,Rater3,Head
420,P01T18,117,Algorithm,Head
421,P01T18,117,Rater1,Head
422,P01T18,117,Rater2,Head
423,P01T18,117,Rater3,Head
424,P01T18,118,Algorithm,Head
425,P01T18,118,Rater1,Head
426,P01T18,118,Rater2,Head
427,P01T18,118,Rater3,Head
428,P01T18,119,Algorithm,Head
429,P01T18,119,Rater1,Head
430,P01T18,119,Rater2,Head
431,P01T18,119,Rater3,Head
432,P01T18,120,Algorithm,Chest
433,P01T18,120,Rater1,Chest
434,P01T18,120,Rater2,Chest
435,P01T18,120,Rater3,Chest
436,P01T18,121,Algorithm,Chest
437,P01T18,121,Rater1,Chest
438,P01T18,121,Rater2,Chest
439,P01T18,121,Rater3,Chest
440,P01T18,122,Algorithm,Chest
441,P01T18,122,Rater1,Chest
442,P01T18,122,Rater2,Chest
443,P01T18,122,Rater3,Chest
444,P01T18,123,Algorithm,Chest
445,P01T18,123,Rater1,Chest
446,P01T18,123,Rater2,Chest
447,P01T18,123,Rater3,Chest
448,P01T18,124,Algorithm,Chest
449,P01T18,124,Rater1,Chest
450,P01T18,124,Rater2,Chest
451,P01T18,124,Rater3,Chest
452,P01T18,125,Algorithm,Chest
453,P01T18,125,Rater1,Chest
454,P01T18,125,Rater2,Chest
455,P01T18,125,Rater3,Chest
456,P01T18,126,Algorithm,Chest
457,P01T18,126,Rater1,Chest
458,P01T18,126,Rater2,Chest
459,P01T18,126,Rater3,Chest
460,P01T18,127,Algorithm,Chest
461,P01T18,127,Rater1,Chest
462,P01T18,127,Rater2,Chest
463,P01T18,127,Rater3,Chest
464,P01T18,128,Algorithm,Chest
465,P01T18,128,Rater1,Chest
466,P01T18,128,Rater2,Chest
467,P01T18,128,Rater3,Chest
468,P01T18,129,Algorithm,Chest
469,P01T18,129,Rater1,Chest
470,P01T18,129,Rater2,Chest
471,P01T18,129,Rater3,Chest
472,P01T18,130,Algorithm,Chest
473,P01T18,130,Rater1,Chest
474,P01T18,130,Rater2,Chest
475,P01T18,130,Rater3,Chest
476,P01T18,131,Algorithm,Chest
477,P01T18,131,Rater1,Chest
478,P01T18,131,Rater2,Chest
479,P01T18,131,Rater3,Chest
480,P01T18,132,Algorithm,Chest
481,P01T18,132,Rater1,Chest
482,P01T18,132,Rater2,Chest
483,P01T18,132,Rater3,Chest
484,P01T18,133,Algorithm,Chest
485,P01T18,133,Rater1,Chest
486,P01T18,133,Rater2,Chest
487,P01T18,133,Rater3,Chest
488,P01T18,134,Algorithm,Chest
489,P01T18,134,Rater1,Chest
490,P01T18,134,Rater2,Chest
491,P01T18,134,Rater3,Chest
492,P01T18,135,Algorithm,Chest
493,P01T18,135,Rater1,Chest
494,P01T18,135,Rater2,Chest
495,P01T18,135,Rater3,Chest
496,P01T18,136,Algorithm,Chest
497,P01T18,136,Rater1,Chest
498,P01T18,136,Rater2,Chest
499,P01T18,136,Rater3,Chest
500,P01T18,137,Algorithm,Chest
501,P01T18,137,Rater1,Chest
502,P01T18,137,Rater2,Chest
503,P01T18,137,Rater3,Chest
504,P01T18,138,Algorithm,Chest
505,P01T18,138,Rater1,Chest
506,P01T18,138,Rater2,Chest
507,P01T18,138,Rater3,Chest
508,P01T18,139,Algorithm,Chest
509,P01T18,139,Rater1,Chest
510,P01T18,139,Rater2,Chest
511,P01T18,139,Rater3,Chest
512,P01T18,158,Algorithm,Chest
513,P01T18,158,Rater1,Chest
514,P01T18,158,Rater2,Chest
515,P01T18,158,Rater3,Chest
516,P01T18,159,Algorithm,Chest
517,P01T18,159,Rater1,Chest
518,P01T18,159,Rater2,Chest
519,P01T18,159,Rater3,Chest
520,P01T18,160,Algorithm,Chest
521,P01T18,160,Rater1,Chest
522,P01T18,160,Rater2,Chest
523,P01T18,160,Rater3,Chest
524,P01T18,161,Algorithm,Chest
525,P01T18,161,Rater1,Chest
526,P01T18,161,Rater2,Chest
527,P01T18,161,Rater3,Chest
528,P01T18,162,Algorithm,Chest
529,P01T18,162,Rater1,Chest
530,P01T18,162,Rater2,Chest
531,P01T18,162,Rater3,Chest
532,P01T18,163,Algorithm,Chest
533,P01T18,163,Rater1,Chest
534,P01T18,163,Rater2,Chest
535,P01T18,163,Rater3,Chest
536,P01T18,164,Algorithm,Chest
537,P01T18,164,Rater1,Chest
538,P01T18,164,Rater2,Chest
539,P01T18,164,Rater3,Chest
540,P01T18,166,Algorithm,Chest
541,P01T18,166,Rater1,Chest
542,P01T18,166,Rater2,Chest
543,P01T18,166,Rater3,Chest
544,P01T18,167,Algorithm,Chest
545,P01T18,167,Rater1,Chest
546,P01T18,167,Rater2,Chest
547,P01T18,167,Rater3,Chest
548,P02T03,188,Algorithm,Head
549,P02T03,188,Rater1,Head
550,P02T03,188,Rater2,Head
551,P02T03,188,Rater3,Head
552,P02T03,189,Algorithm,Head
553,P02T03,189,Rater1,Head
554,P02T03,189,Rater2,Head
555,P02T03,189,Rater3,Head
556,P02T03,190,Algorithm,Head
557,P02T03,190,Rater1,Head
558,P02T03,190,Rater2,Head
559,P02T03,190,Rater3,Head
560,P02T03,191,Algorithm,Head
561,P02T03,191,Rater1,Head
562,P02T03,191,Rater2,Head
563,P02T03,191,Rater3,Head
564,P02T03,192,Algorithm,Head
565,P02T03,192,Rater1,Head
566,P02T03,192,Rater2,Head
567,P02T03,192,Rater3,Head
568,P02T03,193,Algorithm,Head
569,P02T03,193,Rater1,Head
570,P02T03,193,Rater2,Head
571,P02T03,193,Rater3,Head
572,P02T03,194,Algorithm,Head
573,P02T03,194,Rater1,Head
574,P02T03,194,Rater2,Head
575,P02T03,194,Rater3,Head
576,P02T03,195,Algorithm,Head
577,P02T03,195,Rater1,Head
578,P02T03,195,Rater2,Head
579,P02T03,195,Rater3,Head
580,P02T03,196,Algorithm,Head
581,P02T03,196,Rater1,Head
582,P02T03,196,Rater2,Head
583,P02T03,196,Rater3,Head
584,P02T03,197,Algorithm,Head
585,P02T03,197,Rater1,Head
586,P02T03,197,Rater2,Head
587,P02T03,197,Rater3,Head
588,P02T03,198,Algorithm,Head
589,P02T03,198,Rater1,Head
590,P02T03,198,Rater2,Head
591,P02T03,198,Rater3,Head
592,P02T03,199,Algorithm,Head
593,P02T03,199,Rater1,Head
594,P02T03,199,Rater2,Head
595,P02T03,199,Rater3,Head
596,P02T03,200,Algorithm,Head
597,P02T03,200,Rater1,Head
598,P02T03,200,Rater2,Head
599,P02T03,200,Rater3,Head
600,P02T03,201,Algorithm,Head
601,P02T03,201,Rater1,Head
602,P02T03,201,Rater2,Head
603,P02T03,201,Rater3,Head
604,P02T03,202,Algorithm,Head
605,P02T03,202,Rater1,Head
606,P02T03,202,Rater2,Head
607,P02T03,202,Rater3,Head
608,P02T03,203,Algorithm,Head
609,P02T03,203,Rater1,Head
610,P02T03,203,Rater2,Head
611,P02T03,203,Rater3,Head
612,P02T03,204,Algorithm,Head
613,P02T03,204,Rater1,Head
614,P02T03,204,Rater2,Head
615,P02T03,204,Rater3,Head
616,P02T03,205,Algorithm,Head
617,P02T03,205,Rater1,Head
618,P02T03,205,Rater2,Head
619,P02T03,205,Rater3,Head
620,P02T03,206,Algorithm,Head
621,P02T03,206,Rater1,Head
622,P02T03,206,Rater2,Head
623,P02T03,206,Rater3,Head
624,P02T03,207,Algorithm,Head
625,P02T03,207,Rater1,Head
626,P02T03,207,Rater2,Head
627,P02T03,207,Rater3,Head
628,P02T03,208,Algorithm,Head
629,P02T03,208,Rater1,Head
630,P02T03,208,Rater2,Head
631,P02T03,208,Rater3,Head
632,P02T03,209,Algorithm,Head
633,P02T03,209,Rater1,Head
634,P02T03,209,Rater2,Head
635,P02T03,209,Rater3,Head
636,P02T03,210,Algorithm,Head
637,P02T03,210,Rater1,Head
638,P02T03,210,Rater2,Head
639,P02T03,210,Rater3,Head
640,P02T03,211,Algorithm,Head
641,P02T03,211,Rater1,Head
642,P02T03,211,Rater2,Head
643,P02T03,211,Rater3,Head
644,P02T03,212,Algorithm,Head
645,P02T03,212,Rater1,Head
646,P02T03,212,Rater2,Head
647,P02T03,212,Rater3,Head
648,P02T03,213,Algorithm,Head
649,P02T03,213,Rater1,Head
650,P02T03,213,Rater2,Head
651,P02T03,213,Rater3,Head
652,P02T03,214,Algorithm,Head
653,P02T03,214,Rater1,Head
654,P02T03,214,Rater2,Head
655,P02T03,214,Rater3,Head
656,P02T03,215,Algorithm,Head
657,P02T03,215,Rater1,Head
658,P02T03,215,Rater2,Head
659,P02T03,215,Rater3,Head
660,P02T03,216,Algorithm,Head
661,P02T03,216,Rater1,Head
662,P02T03,216,Rater2,Head
663,P02T03,216,Rater3,Head
664,P02T03,217,Algorithm,Head
665,P02T03,217,Rater1,Head
666,P02T03,217,Rater2,Head
667,P02T03,217,Rater3,Head
668,P02T03,218,Algorithm,Head
669,P02T03,218,Rater1,Head
670,P02T03,218,Rater2,Head
671,P02T03,218,Rater3,Head
672,P02T03,219,Algorithm,Head
673,P02T03,219,Rater1,Head
674,P02T03,219,Rater2,Head
675,P02T03,219,Rater3,Head
676,P02T03,221,Algorithm,Head
677,P02T03,221,Rater1,Head
678,P02T03,221,Rater2,Head
679,P02T03,221,Rater3,Head
680,P02T03,222,Algorithm,Head
681,P02T03,222,Rater1,Head
682,P02T03,222,Rater2,Head
683,P02T03,222,Rater3,Head
684,P02T03,223,Algorithm,Head
685,P02T03,223,Rater1,Head
686,P02T03,223,Rater2,Head
687,P02T03,223,Rater3,Head
688,P02T03,224,Algorithm,Head
689,P02T03,224,Rater1,Head
690,P02T03,224,Rater2,Head
691,P02T03,224,Rater3,Head
692,P02T03,225,Algorithm,Head
693,P02T03,225,Rater1,Head
694,P02T03,225,Rater2,Head
695,P02T03,225,Rater3,Head
696,P02T03,226,Algorithm,Head
697,P02T03,226,Rater1,Head
698,P02T03,226,Rater2,Head
699,P02T03,226,Rater3,Head
700,P02T03,227,Algorithm,Head
701,P02T03,227,Rater1,Head
702,P02T03,227,Rater2,Head
703,P02T03,227,Rater3,Head
704,P02T03,228,Algorithm,Head
705,P02T03,228,Rater1,Head
706,P02T03,228,Rater2,Head
707,P02T03,228,Rater3,Head
708,P02T03,229,Algorithm,Head
709,P02T03,229,Rater1,Head
710,P02T03,229,Rater2,Head
711,P02T03,229,Rater3,Head
712,P02T03,230,Algorithm,Head
713,P02T03,230,Rater1,Head
714,P02T03,230,Rater2,Head
715,P02T03,230,Rater3,Head
716,P02T03,231,Algorithm,Head
717,P02T03,231,Rater1,Head
718,P02T03,231,Rater2,Head
719,P02T03,231,Rater3,Head
720,P02T09,178,Algorithm,Head
721,P02T09,178,Rater1,Head
722,P02T09,178,Rater2,Head
723,P02T09,178,Rater3,Head
724,P02T09,179,Algorithm,Head
725,P02T09,179,Rater1,Head
726,P02T09,179,Rater2,Head
727,P02T09,179,Rater3,Head
728,P02T09,180,Algorithm,Head
729,P02T09,180,Rater1,Head
730,P02T09,180,Rater2,Head
731,P02T09,180,Rater3,Head
732,P02T09,181,Algorithm,Head
733,P02T09,181,Rater1,Head
734,P02T09,181,Rater2,Head
735,P02T09,181,Rater3,Head
736,P02T09,182,Algorithm,Head
737,P02T09,182,Rater1,Head
738,P02T09,182,Rater2,Head
739,P02T09,182,Rater3,Head
740,P02T09,183,Algorithm,Head
741,P02T09,183,Rater1,Head
742,P02T09,183,Rater2,Head
743,P02T09,183,Rater3,Head
744,P02T09,184,Algorithm,Head
745,P02T09,184,Rater1,Head
746,P02T09,184,Rater2,Head
747,P02T09,184,Rater3,Head
748,P02T09,185,Algorithm,Head
749,P02T09,185,Rater1,Head
750,P02T09,185,Rater2,Head
751,P02T09,185,Rater3,Head
752,P02T09,186,Algorithm,Head
753,P02T09,186,Rater1,Head
754,P02T09,186,Rater2,Head
755,P02T09,186,Rater3,Head
756,P02T09,187,Algorithm,Head
757,P02T09,187,Rater1,Head
758,P02T09,187,Rater2,Head
759,P02T09,187,Rater3,Head
760,P02T09,188,Algorithm,Head
761,P02T09,188,Rater1,Head
762,P02T09,188,Rater2,Head
763,P02T09,188,Rater3,Head
764,P02T09,190,Algorithm,Head
765,P02T09,190,Rater1,Head
766,P02T09,190,Rater2,Head
767,P02T09,190,Rater3,Head
768,P02T09,191,Algorithm,Chest
769,P02T09,191,Rater1,Head
770,P02T09,191,Rater2,Head
771,P02T09,191,Rater3,Head
772,P02T09,192,Algorithm,Chest
773,P02T09,192,Rater1,Head
774,P02T09,192,Rater2,Head
775,P02T09,192,Rater3,Head
776,P02T09,193,Algorithm,Chest
777,P02T09,193,Rater1,Head
778,P02T09,193,Rater2,Head
779,P02T09,193,Rater3,Head
780,P02T09,194,Algorithm,Chest
781,P02T09,194,Rater1,Head
782,P02T09,194,Rater2,Head
783,P02T09,194,Rater3,Head
784,P02T09,195,Algorithm,Head
785,P02T09,195,Rater1,Head
786,P02T09,195,Rater2,Head
787,P02T09,195,Rater3,Head
788,P02T09,203,Algorithm,Chest
789,P02T09,203,Rater1,Head
790,P02T09,203,Rater2,Head
791,P02T09,203,Rater3,Chest
792,P02T09,204,Algorithm,Head
793,P02T09,204,Rater1,Head
794,P02T09,204,Rater2,Head
795,P02T09,204,Rater3,Head
796,P02T09,205,Algorithm,Head
797,P02T09,205,Rater1,Head
798,P02T09,205,Rater2,Head
799,P02T09,205,Rater3,Head
800,P02T09,206,Algorithm,Head
801,P02T09,206,Rater1,Head
802,P02T09,206,Rater2,Head
803,P02T09,206,Rater3,Head
804,P02T09,207,Algorithm,Head
805,P02T09,207,Rater1,Head
806,P02T09,207,Rater2,Head
807,P02T09,207,Rater3,Head
808,P02T09,209,Algorithm,Chest
809,P02T09,209,Rater1,Chest
810,P02T09,209,Rater2,Chest
811,P02T09,209,Rater3,Chest
812,P02T09,210,Algorithm,Chest
813,P02T09,210,Rater1,Chest
814,P02T09,210,Rater2,Chest
815,P02T09,210,Rater3,Chest
816,P02T09,211,Algorithm,Chest
817,P02T09,211,Rater1,Chest
818,P02T09,211,Rater2,Chest
819,P02T09,211,Rater3,Chest
820,P02T09,212,Algorithm,Chest
821,P02T09,212,Rater1,Chest
822,P02T09,212,Rater2,Chest
823,P02T09,212,Rater3,Head
824,P02T09,213,Algorithm,Chest
825,P02T09,213,Rater1,Chest
826,P02T09,213,Rater2,Chest
827,P02T09,213,Rater3,Chest
828,P02T09,214,Algorithm,Chest
829,P02T09,214,Rater1,Chest
830,P02T09,214,Rater2,Chest
831,P02T09,214,Rater3,Chest
832,P02T09,215,Algorithm,Chest
833,P02T09,215,Rater1,Chest
834,P02T09,215,Rater2,Chest
835,P02T09,215,Rater3,Chest
836,P02T09,216,Algorithm,Chest
837,P02T09,216,Rater1,Chest
838,P02T09,216,Rater2,Chest
839,P02T09,216,Rater3,Chest
840,P02T09,217,Algorithm,Chest
841,P02T09,217,Rater1,Chest
842,P02T09,217,Rater2,Chest
843,P02T09,217,Rater3,Chest
844,P02T09,218,Algorithm,Chest
845,P02T09,218,Rater1,Chest
846,P02T09,218,Rater2,Chest
847,P02T09,218,Rater3,Chest
848,P02T09,219,Algorithm,Chest
849,P02T09,219,Rater1,Chest
850,P02T09,219,Rater2,Chest
851,P02T09,219,Rater3,Head
852,P02T09,220,Algorithm,Head
853,P02T09,220,Rater1,Chest
854,P02T09,220,Rater2,Chest
855,P02T09,220,Rater3,Head
856,P02T09,221,Algorithm,Chest
857,P02T09,221,Rater1,Chest
858,P02T09,221,Rater2,Chest
859,P02T09,221,Rater3,Head
860,P02T09,222,Algorithm,Chest
861,P02T09,222,Rater1,Chest
862,P02T09,222,Rater2,Chest
863,P02T09,222,Rater3,Head
864,P02T09,223,Algorithm,Chest
865,P02T09,223,Rater1,Chest
866,P02T09,223,Rater2,Chest
867,P02T09,223,Rater3,Head
868,P02T09,224,Algorithm,Head
869,P02T09,224,Rater1,Chest
870,P02T09,224,Rater2,Chest
871,P02T09,224,Rater3,Head
872,P02T09,225,Algorithm,Chest
873,P02T09,225,Rater1,Chest
874,P02T09,225,Rater2,Chest
875,P02T09,225,Rater3,Head
876,P02T09,243,Algorithm,Chest
877,P02T09,243,Rater1,Chest
878,P02T09,243,Rater2,Left arm
879,P02T09,243,Rater3,Chest
880,P03T12,341,Algorithm,Head
881,P03T12,341,Rater1,Left arm
882,P03T12,341,Rater2,Left arm
883,P03T12,341,Rater3,Left arm
884,P03T12,342,Algorithm,Head
885,P03T12,342,Rater1,Left arm
886,P03T12,342,Rater2,Left arm
887,P03T12,342,Rater3,Left arm
888,P03T12,346,Algorithm,Chest
889,P03T12,346,Rater1,Chest
890,P03T12,346,Rater2,Left arm
891,P03T12,346,Rater3,Chest
892,P03T12,347,Algorithm,Left arm
893,P03T12,347,Rater1,Chest
894,P03T12,347,Rater2,Left arm
895,P03T12,347,Rater3,Chest
896,P03T26,223,Algorithm,Head
897,P03T26,223,Rater1,Head
898,P03T26,223,Rater2,Head
899,P03T26,223,Rater3,Head
900,P03T26,224,Algorithm,Head
901,P03T26,224,Rater1,Head
902,P03T26,224,Rater2,Head
903,P03T26,224,Rater3,Head
904,P03T26,225,Algorithm,Head
905,P03T26,225,Rater1,Head
906,P03T26,225,Rater2,Head
907,P03T26,225,Rater3,Head
908,P03T26,226,Algorithm,Head
909,P03T26,226,Rater1,Head
910,P03T26,226,Rater2,Head
911,P03T26,226,Rater3,Head
912,P03T26,227,Algorithm,Head
913,P03T26,227,Rater1,Head
914,P03T26,227,Rater2,Head
915,P03T26,227,Rater3,Head
916,P03T26,228,Algorithm,Head
917,P03T26,228,Rater1,Head
918,P03T26,228,Rater2,Head
919,P03T26,228,Rater3,Head
920,P03T26,229,Algorithm,Head
921,P03T26,229,Rater1,Head
922,P03T26,229,Rater2,Head
923,P03T26,229,Rater3,Head
924,P03T26,230,Algorithm,Head
925,P03T26,230,Rater1,Head
926,P03T26,230,Rater2,Head
927,P03T26,230,Rater3,Head
928,P03T26,231,Algorithm,Head
929,P03T26,231,Rater1,Head
930,P03T26,231,Rater2,Head
931,P03T26,231,Rater3,Head
932,P03T26,232,Algorithm,Head
933,P03T26,232,Rater1,Head
934,P03T26,232,Rater2,Head
935,P03T26,232,Rater3,Head
936,P03T26,233,Algorithm,Head
937,P03T26,233,Rater1,Head
938,P03T26,233,Rater2,Head
939,P03T26,233,Rater3,Head
940,P03T26,234,Algorithm,Head
941,P03T26,234,Rater1,Head
942,P03T26,234,Rater2,Head
943,P03T26,234,Rater3,Head
944,P03T26,235,Algorithm,Head
945,P03T26,235,Rater1,Head
946,P03T26,235,Rater2,Head
947,P03T26,235,Rater3,Head
948,P03T26,236,Algorithm,Head
949,P03T26,236,Rater1,Head
950,P03T26,236,Rater2,Head
951,P03T26,236,Rater3,Head
952,P03T26,237,Algorithm,Head
953,P03T26,237,Rater1,Head
954,P03T26,237,Rater2,Head
955,P03T26,237,Rater3,Head
956,P03T26,238,Algorithm,Head
957,P03T26,238,Rater1,Head
958,P03T26,238,Rater2,Head
959,P03T26,238,Rater3,Head
960,P03T26,239,Algorithm,Head
961,P03T26,239,Rater1,Head
962,P03T26,239,Rater2,Head
963,P03T26,239,Rater3,Head
964,P03T26,240,Algorithm,Head
965,P03T26,240,Rater1,Head
966,P03T26,240,Rater2,Head
967,P03T26,240,Rater3,Head
968,P03T26,241,Algorithm,Head
969,P03T26,241,Rater1,Head
970,P03T26,241,Rater2,Head
971,P03T26,241,Rater3,Head
972,P03T26,242,Algorithm,Head
973,P03T26,242,Rater1,Head
974,P03T26,242,Rater2,Head
975,P03T26,242,Rater3,Head
976,P03T26,243,Algorithm,Head
977,P03T26,243,Rater1,Head
978,P03T26,243,Rater2,Head
979,P03T26,243,Rater3,Head
980,P03T26,244,Algorithm,Head
981,P03T26,244,Rater1,Head
982,P03T26,244,Rater2,Head
983,P03T26,244,Rater3,Head
984,P03T26,245,Algorithm,Head
985,P03T26,245,Rater1,Head
986,P03T26,245,Rater2,Head
987,P03T26,245,Rater3,Head
988,P03T26,246,Algorithm,Head
989,P03T26,246,Rater1,Head
990,P03T26,246,Rater2,Head
991,P03T26,246,Rater3,Head
992,P03T26,247,Algorithm,Head
993,P03T26,247,Rater1,Head
994,P03T26,247,Rater2,Head
995,P03T26,247,Rater3,Head
996,P03T26,248,Algorithm,Chest
997,P03T26,248,Rater1,Head
998,P03T26,248,Rater2,Head
999,P03T26,248,Rater3,Head
1000,P03T26,249,Algorithm,Head
1001,P03T26,249,Rater1,Head
1002,P03T26,249,Rater2,Head
1003,P03T26,249,Rater3,Head
1004,P03T26,250,Algorithm,Head
1005,P03T26,250,Rater1,Head
1006,P03T26,250,Rater2,Head
1007,P03T26,250,Rater3,Head
1008,P03T26,251,Algorithm,Head
1009,P03T26,251,Rater1,Head
1010,P03T26,251,Rater2,Head
1011,P03T26,251,Rater3,Head
1012,P03T26,252,Algorithm,Chest
1013,P03T26,252,Rater1,Head
1014,P03T26,252,Rater2,Head
1015,P03T26,252,Rater3,Head
1016,P03T26,253,Algorithm,Chest
1017,P03T26,253,Rater1,Head
1018,P03T26,253,Rater2,Head
1019,P03T26,253,Rater3,Head
1020,P03T26,254,Algorithm,Chest
1021,P03T26,254,Rater1,Head
1022,P03T26,254,Rater2,Head
1023,P03T26,254,Rater3,Head
1024,P03T26,255,Algorithm,Chest
1025,P03T26,255,Rater1,Head
1026,P03T26,255,Rater2,Head
1027,P03T26,255,Rater3,Head
1028,P03T26,256,Algorithm,Chest
1029,P03T26,256,Rater1,Head
1030,P03T26,256,Rater2,Head
1031,P03T26,256,Rater3,Head
1032,P03T26,257,Algorithm,Chest
1033,P03T26,257,Rater1,Head
1034,P03T26,257,Rater2,Head
1035,P03T26,257,Rater3,Head
1036,P03T26,258,Algorithm,Chest
1037,P03T26,258,Rater1,Head
1038,P03T26,258,Rater2,Head
1039,P03T26,258,Rater3,Head
1040,P03T26,259,Algorithm,Chest
1041,P03T26,259,Rater1,Head
1042,P03T26,259,Rater2,Head
1043,P03T26,259,Rater3,Head
1044,P03T26,260,Algorithm,Chest
1045,P03T26,260,Rater1,Head
1046,P03T26,260,Rater2,Head
1047,P03T26,260,Rater3,Head
1048,P03T26,261,Algorithm,Chest
1049,P03T26,261,Rater1,Chest
1050,P03T26,261,Rater2,Head
1051,P03T26,261,Rater3,Chest
1052,P03T26,262,Algorithm,Chest
1053,P03T26,262,Rater1,Chest
1054,P03T26,262,Rater2,Chest
1055,P03T26,262,Rater3,Chest
1056,P03T26,263,Algorithm,Chest
1057,P03T26,263,Rater1,Chest
1058,P03T26,263,Rater2,Chest
1059,P03T26,263,Rater3,Chest
1060,P03T26,264,Algorithm,Chest
1061,P03T26,264,Rater1,Chest
1062,P03T26,264,Rater2,Chest
1063,P03T26,264,Rater3,Chest
1064,P03T26,265,Algorithm,Chest
1065,P03T26,265,Rater1,Chest
1066,P03T26,265,Rater2,Chest
1067,P03T26,265,Rater3,Chest
1068,P03T26,266,Algorithm,Chest
1069,P03T26,266,Rater1,Chest
1070,P03T26,266,Rater2,Chest
1071,P03T26,266,Rater3,Chest
1072,P03T26,267,Algorithm,Chest
1073,P03T26,267,Rater1,Chest
1074,P03T26,267,Rater2,Chest
1075,P03T26,267,Rater3,Chest
1076,P03T26,268,Algorithm,Chest
1077,P03T26,268,Rater1,Chest
1078,P03T26,268,Rater2,Chest
1079,P03T26,268,Rater3,Chest
1080,P03T26,269,Algorithm,Chest
1081,P03T26,269,Rater1,Chest
1082,P03T26,269,Rater2,Chest
1083,P03T26,269,Rater3,Chest
1084,P03T26,270,Algorithm,Chest
1085,P03T26,270,Rater1,Chest
1086,P03T26,270,Rater2,Chest
1087,P03T26,270,Rater3,Chest
1088,P03T26,271,Algorithm,Chest
1089,P03T26,271,Rater1,Chest
1090,P03T26,271,Rater2,Chest
1091,P03T26,271,Rater3,Chest
1092,P03T26,272,Algorithm,Chest
1093,P03T26,272,Rater1,Chest
1094,P03T26,272,Rater2,Chest
1095,P03T26,272,Rater3,Chest
1096,P03T26,273,Algorithm,Chest
1097,P03T26,273,Rater1,Chest
1098,P03T26,273,Rater2,Chest
1099,P03T26,273,Rater3,Chest
1100,P03T26,274,Algorithm,Chest
1101,P03T26,274,Rater1,Chest
1102,P03T26,274,Rater2,Chest
1103,P03T26,274,Rater3,Chest
1104,P03T26,275,Algorithm,Chest
1105,P03T26,275,Rater1,Chest
1106,P03T26,275,Rater2,Chest
1107,P03T26,275,Rater3,Chest
1108,P03T26,276,Algorithm,Chest
1109,P03T26,276,Rater1,Chest
1110,P03T26,276,Rater2,Chest
1111,P03T26,276,Rater3,Chest
1112,P03T26,277,Algorithm,Chest
1113,P03T26,277,Rater1,Chest
1114,P03T26,277,Rater2,Chest
1115,P03T26,277,Rater3,Chest
1116,P03T26,278,Algorithm,Chest
1117,P03T26,278,Rater1,Chest
1118,P03T26,278,Rater2,Chest
1119,P03T26,278,Rater3,Chest
1120,P03T26,279,Algorithm,Chest
1121,P03T26,279,Rater1,Chest
1122,P03T26,279,Rater2,Chest
1123,P03T26,279,Rater3,Chest
1124,P03T26,280,Algorithm,Chest
1125,P03T26,280,Rater1,Chest
1126,P03T26,280,Rater2,Chest
1127,P03T26,280,Rater3,Chest
1128,P03T26,281,Algorithm,Chest
1129,P03T26,281,Rater1,Chest
1130,P03T26,281,Rater2,Chest
1131,P03T26,281,Rater3,Chest
1132,P03T26,282,Algorithm,Chest
1133,P03T26,282,Rater1,Chest
1134,P03T26,282,Rater2,Chest
1135,P03T26,282,Rater3,Chest
1136,P03T26,283,Algorithm,Chest
1137,P03T26,283,Rater1,Chest
1138,P03T26,283,Rater2,Chest
1139,P03T26,283,Rater3,Chest
1140,P03T26,284,Algorithm,Chest
1141,P03T26,284,Rater1,Chest
1142,P03T26,284,Rater2,Chest
1143,P03T26,284,Rater3,Chest
1144,P03T26,285,Algorithm,Chest
1145,P03T26,285,Rater1,Chest
1146,P03T26,285,Rater2,Chest
1147,P03T26,285,Rater3,Chest
1148,P03T26,286,Algorithm,Chest
1149,P03T26,286,Rater1,Chest
1150,P03T26,286,Rater2,Chest
1151,P03T26,286,Rater3,Chest
1152,P03T26,287,Algorithm,Chest
1153,P03T26,287,Rater1,Chest
1154,P03T26,287,Rater2,Chest
1155,P03T26,287,Rater3,Chest
1156,P03T26,288,Algorithm,Chest
1157,P03T26,288,Rater1,Chest
1158,P03T26,288,Rater2,Chest
1159,P03T26,288,Rater3,Chest
1160,P03T26,289,Algorithm,Chest
1161,P03T26,289,Rater1,Chest
1162,P03T26,289,Rater2,Chest
1163,P03T26,289,Rater3,Chest
1164,P03T26,290,Algorithm,Chest
1165,P03T26,290,Rater1,Chest
1166,P03T26,290,Rater2,Chest
1167,P03T26,290,Rater3,Chest
1168,P03T26,291,Algorithm,Chest
1169,P03T26,291,Rater1,Chest
1170,P03T26,291,Rater2,Chest
1171,P03T26,291,Rater3,Chest
1172,P03T26,292,Algorithm,Chest
1173,P03T26,292,Rater1,Chest
1174,P03T26,292,Rater2,Chest
1175,P03T26,292,Rater3,Chest
1176,P03T26,293,Algorithm,Chest
1177,P03T26,293,Rater1,Chest
1178,P03T26,293,Rater2,Chest
1179,P03T26,293,Rater3,Chest
1180,P03T26,294,Algorithm,Chest
1181,P03T26,294,Rater1,Chest
1182,P03T26,294,Rater2,Chest
1183,P03T26,294,Rater3,Chest
1184,P03T26,295,Algorithm,Chest
1185,P03T26,295,Rater1,Chest
1186,P03T26,295,Rater2,Chest
1187,P03T26,295,Rater3,Chest
1188,P03T26,296,Algorithm,Chest
1189,P03T26,296,Rater1,Chest
1190,P03T26,296,Rater2,Chest
1191,P03T26,296,Rater3,Chest
1192,P03T26,297,Algorithm,Chest
1193,P03T26,297,Rater1,Chest
1194,P03T26,297,Rater2,Chest
1195,P03T26,297,Rater3,Chest
1196,P03T26,298,Algorithm,Chest
1197,P03T26,298,Rater1,Chest
1198,P03T26,298,Rater2,Chest
1199,P03T26,298,Rater3,Chest
1200,P03T26,299,Algorithm,Chest
1201,P03T26,299,Rater1,Chest
1202,P03T26,299,Rater2,Chest
1203,P03T26,299,Rater3,Chest
1204,P03T26,300,Algorithm,Chest
1205,P03T26,300,Rater1,Chest
1206,P03T26,300,Rater2,Chest
1207,P03T26,300,Rater3,Chest
1208,P03T26,301,Algorithm,Chest
1209,P03T26,301,Rater1,Chest
1210,P03T26,301,Rater2,Chest
1211,P03T26,301,Rater3,Chest
1212,P03T26,302,Algorithm,Chest
1213,P03T26,302,Rater1,Chest
1214,P03T26,302,Rater2,Chest
1215,P03T26,302,Rater3,Chest
1216,P03T26,303,Algorithm,Chest
1217,P03T26,303,Rater1,Chest
1218,P03T26,303,Rater2,Chest
1219,P03T26,303,Rater3,Chest
1220,P03T26,304,Algorithm,Chest
1221,P03T26,304,Rater1,Chest
1222,P03T26,304,Rater2,Chest
1223,P03T26,304,Rater3,Chest
1224,P03T26,305,Algorithm,Chest
1225,P03T26,305,Rater1,Chest
1226,P03T26,305,Rater2,Chest
1227,P03T26,305,Rater3,Chest
1228,P03T26,306,Algorithm,Chest
1229,P03T26,306,Rater1,Chest
1230,P03T26,306,Rater2,Chest
1231,P03T26,306,Rater3,Chest
1232,P03T26,307,Algorithm,Chest
1233,P03T26,307,Rater1,Chest
1234,P03T26,307,Rater2,Chest
1235,P03T26,307,Rater3,Chest
1236,P03T26,308,Algorithm,Chest
1237,P03T26,308,Rater1,Chest
1238,P03T26,308,Rater2,Chest
1239,P03T26,308,Rater3,Chest
1240,P03T26,309,Algorithm,Chest
1241,P03T26,309,Rater1,Chest
1242,P03T26,309,Rater2,Chest
1243,P03T26,309,Rater3,Chest
1244,P03T26,310,Algorithm,Chest
1245,P03T26,310,Rater1,Chest
1246,P03T26,310,Rater2,Chest
1247,P03T26,310,Rater3,Chest
1248,P03T26,311,Algorithm,Chest
1249,P03T26,311,Rater1,Chest
1250,P03T26,311,Rater2,Chest
1251,P03T26,311,Rater3,Chest
1252,P03T26,312,Algorithm,Chest
1253,P03T26,312,Rater1,Chest
1254,P03T26,312,Rater2,Chest
1255,P03T26,312,Rater3,Chest
1256,P03T26,313,Algorithm,Chest
1257,P03T26,313,Rater1,Chest
1258,P03T26,313,Rater2,Chest
1259,P03T26,313,Rater3,Chest
1260,P03T26,314,Algorithm,Chest
1261,P03T26,314,Rater1,Chest
1262,P03T26,314,Rater2,Chest
1263,P03T26,314,Rater3,Chest
1264,P03T26,315,Algorithm,Chest
1265,P03T26,315,Rater1,Chest
1266,P03T26,315,Rater2,Chest
1267,P03T26,315,Rater3,Chest
1268,P03T26,316,Algorithm,Chest
1269,P03T26,316,Rater1,Chest
1270,P03T26,316,Rater2,Chest
1271,P03T26,316,Rater3,Chest
1272,P03T26,317,Algorithm,Chest
1273,P03T26,317,Rater1,Chest
1274,P03T26,317,Rater2,Chest
1275,P03T26,317,Rater3,Chest
1276,P03T26,318,Algorithm,Chest
1277,P03T26,318,Rater1,Chest
1278,P03T26,318,Rater2,Chest
1279,P03T26,318,Rater3,Chest
1280,P03T26,319,Algorithm,Chest
1281,P03T26,319,Rater1,Chest
1282,P03T26,319,Rater2,Chest
1283,P03T26,319,Rater3,Chest
1284,P03T26,320,Algorithm,Chest
1285,P03T26,320,Rater1,Chest
1286,P03T26,320,Rater2,Chest
1287,P03T26,320,Rater3,Chest
1288,P03T26,321,Algorithm,Chest
1289,P03T26,321,Rater1,Chest
1290,P03T26,321,Rater2,Chest
1291,P03T26,321,Rater3,Chest
1292,P03T26,322,Algorithm,Chest
1293,P03T26,322,Rater1,Chest
1294,P03T26,322,Rater2,Chest
1295,P03T26,322,Rater3,Chest
1296,P04T05,208,Algorithm,Chest
1297,P04T05,208,Rater1,Chest
1298,P04T05,208,Rater2,Chest
1299,P04T05,208,Rater3,Chest
1300,P04T05,209,Algorithm,Chest
1301,P04T05,209,Rater1,Chest
1302,P04T05,209,Rater2,Chest
1303,P04T05,209,Rater3,Chest
1304,P04T05,210,Algorithm,Head
1305,P04T05,210,Rater1,Chest
1306,P04T05,210,Rater2,Chest
1307,P04T05,210,Rater3,Head
1308,P04T05,212,Algorithm,Head
1309,P04T05,212,Rater1,Chest
1310,P04T05,212,Rater2,Chest
1311,P04T05,212,Rater3,Head
1312,P04T05,213,Algorithm,Head
1313,P04T05,213,Rater1,Chest
1314,P04T05,213,Rater2,Chest
1315,P04T05,213,Rater3,Head
1316,P04T05,214,Algorithm,Chest
1317,P04T05,214,Rater1,Chest
1318,P04T05,214,Rater2,Chest
1319,P04T05,214,Rater3,Head
1320,P04T05,215,Algorithm,Chest
1321,P04T05,215,Rater1,Chest
1322,P04T05,215,Rater2,Chest
1323,P04T05,215,Rater3,Right arm
1324,P04T05,216,Algorithm,Chest
1325,P04T05,216,Rater1,Chest
1326,P04T05,216,Rater2,Chest
1327,P04T05,216,Rater3,Head
1328,P04T05,217,Algorithm,Chest
1329,P04T05,217,Rater1,Chest
1330,P04T05,217,Rater2,Chest
1331,P04T05,217,Rater3,Right arm
1332,P04T05,218,Algorithm,Chest
1333,P04T05,218,Rater1,Chest
1334,P04T05,218,Rater2,Chest
1335,P04T05,218,Rater3,Right arm
1336,P04T05,219,Algorithm,Chest
1337,P04T05,219,Rater1,Chest
1338,P04T05,219,Rater2,Chest
1339,P04T05,219,Rater3,Right arm
1340,P04T05,220,Algorithm,Chest
1341,P04T05,220,Rater1,Chest
1342,P04T05,220,Rater2,Chest
1343,P04T05,220,Rater3,Right arm
1344,P04T05,221,Algorithm,Chest
1345,P04T05,221,Rater1,Chest
1346,P04T05,221,Rater2,Chest
1347,P04T05,221,Rater3,Right arm
1348,P04T05,222,Algorithm,Chest
1349,P04T05,222,Rater1,Chest
1350,P04T05,222,Rater2,Chest
1351,P04T05,222,Rater3,Right arm
1352,P04T05,223,Algorithm,Chest
1353,P04T05,223,Rater1,Chest
1354,P04T05,223,Rater2,Chest
1355,P04T05,223,Rater3,Right arm
1356,P04T05,224,Algorithm,Chest
1357,P04T05,224,Rater1,Chest
1358,P04T05,224,Rater2,Chest
1359,P04T05,224,Rater3,Right arm
1360,P04T05,225,Algorithm,Chest
1361,P04T05,225,Rater1,Chest
1362,P04T05,225,Rater2,Chest
1363,P04T05,225,Rater3,Chest
1364,P04T05,226,Algorithm,Head
1365,P04T05,226,Rater1,Head
1366,P04T05,226,Rater2,Chest
1367,P04T05,226,Rater3,Head
1368,P04T05,227,Algorithm,Head
1369,P04T05,227,Rater1,Head
1370,P04T05,227,Rater2,Head
1371,P04T05,227,Rater3,Head
1372,P04T05,228,Algorithm,Head
1373,P04T05,228,Rater1,Head
1374,P04T05,228,Rater2,Head
1375,P04T05,228,Rater3,Head
1376,P04T05,229,Algorithm,Chest
1377,P04T05,229,Rater1,Head
1378,P04T05,229,Rater2,Head
1379,P04T05,229,Rater3,Head
1380,P04T05,230,Algorithm,Head
1381,P04T05,230,Rater1,Head
1382,P04T05,230,Rater2,Head
1383,P04T05,230,Rater3,Head
1384,P04T05,231,Algorithm,Head
1385,P04T05,231,Rater1,Head
1386,P04T05,231,Rater2,Head
1387,P04T05,231,Rater3,Head
1388,P04T05,232,Algorithm,Head
1389,P04T05,232,Rater1,Head
1390,P04T05,232,Rater2,Head
1391,P04T05,232,Rater3,Head
1392,P04T05,233,Algorithm,Head
1393,P04T05,233,Rater1,Head
1394,P04T05,233,Rater2,Head
1395,P04T05,233,Rater3,Head
1396,P04T05,234,Algorithm,Head
1397,P04T05,234,Rater1,Head
1398,P04T05,234,Rater2,Head
1399,P04T05,234,Rater3,Head
1400,P04T05,235,Algorithm,Chest
1401,P04T05,235,Rater1,Head
1402,P04T05,235,Rater2,Head
1403,P04T05,235,Rater3,Head
1404,P04T05,236,Algorithm,Chest
1405,P04T05,236,Rater1,Head
1406,P04T05,236,Rater2,Head
1407,P04T05,236,Rater3,Head
1408,P04T05,237,Algorithm,Head
1409,P04T05,237,Rater1,Head
1410,P04T05,237,Rater2,Head
1411,P04T05,237,Rater3,Head
1412,P04T05,238,Algorithm,Head
1413,P04T05,238,Rater1,Head
1414,P04T05,238,Rater2,Head
1415,P04T05,238,Rater3,Head
1416,P04T05,239,Algorithm,Head
1417,P04T05,239,Rater1,Head
1418,P04T05,239,Rater2,Head
1419,P04T05,239,Rater3,Head
1420,P04T05,240,Algorithm,Chest
1421,P04T05,240,Rater1,Head
1422,P04T05,240,Rater2,Head
1423,P04T05,240,Rater3,Head
1424,P04T05,241,Algorithm,Head
1425,P04T05,241,Rater1,Head
1426,P04T05,241,Rater2,Head
1427,P04T05,241,Rater3,Head
1428,P04T05,242,Algorithm,Chest
1429,P04T05,242,Rater1,Head
1430,P04T05,242,Rater2,Head
1431,P04T05,242,Rater3,Head
1432,P04T05,243,Algorithm,Chest
1433,P04T05,243,Rater1,Head
1434,P04T05,243,Rater2,Head
1435,P04T05,243,Rater3,Head
1436,P04T05,244,Algorithm,Chest
1437,P04T05,244,Rater1,Head
1438,P04T05,244,Rater2,Head
1439,P04T05,244,Rater3,Head
1440,P04T05,245,Algorithm,Chest
1441,P04T05,245,Rater1,Head
1442,P04T05,245,Rater2,Chest
1443,P04T05,245,Rater3,Head
1444,P04T05,246,Algorithm,Chest
1445,P04T05,246,Rater1,Head
1446,P04T05,246,Rater2,Chest
1447,P04T05,246,Rater3,Head
1448,P04T05,247,Algorithm,Chest
1449,P04T05,247,Rater1,Head
1450,P04T05,247,Rater2,Chest
1451,P04T05,247,Rater3,Head
1452,P04T05,248,Algorithm,Chest
1453,P04T05,248,Rater1,Head
1454,P04T05,248,Rater2,Chest
1455,P04T05,248,Rater3,Head
1456,P04T05,249,Algorithm,Chest
1457,P04T05,249,Rater1,Head
1458,P04T05,249,Rater2,Head
1459,P04T05,249,Rater3,Head
1460,P04T05,250,Algorithm,Chest
1461,P04T05,250,Rater1,Head
1462,P04T05,250,Rater2,Head
1463,P04T05,250,Rater3,Head
1464,P04T05,251,Algorithm,Head
1465,P04T05,251,Rater1,Head
1466,P04T05,251,Rater2,Head
1467,P04T05,251,Rater3,Head
1468,P04T05,252,Algorithm,Head
1469,P04T05,252,Rater1,Head
1470,P04T05,252,Rater2,Head
1471,P04T05,252,Rater3,Head
1472,P04T05,253,Algorithm,Head
1473,P04T05,253,Rater1,Head
1474,P04T05,253,Rater2,Head
1475,P04T05,253,Rater3,Head
1476,P04T05,254,Algorithm,Head
1477,P04T05,254,Rater1,Head
1478,P04T05,254,Rater2,Head
1479,P04T05,254,Rater3,Head
1480,P04T05,255,Algorithm,Head
1481,P04T05,255,Rater1,Head
1482,P04T05,255,Rater2,Head
1483,P04T05,255,Rater3,Head
1484,P04T05,256,Algorithm,Head
1485,P04T05,256,Rater1,Head
1486,P04T05,256,Rater2,Head
1487,P04T05,256,Rater3,Head
1488,P04T05,257,Algorithm,Head
1489,P04T05,257,Rater1,Head
1490,P04T05,257,Rater2,Head
1491,P04T05,257,Rater3,Head
1492,P04T05,258,Algorithm,Head
1493,P04T05,258,Rater1,Head
1494,P04T05,258,Rater2,Head
1495,P04T05,258,Rater3,Head
1496,P04T05,259,Algorithm,Chest
1497,P04T05,259,Rater1,Chest
1498,P04T05,259,Rater2,Chest
1499,P04T05,259,Rater3,Head
1500,P04T05,260,Algorithm,Chest
1501,P04T05,260,Rater1,Chest
1502,P04T05,260,Rater2,Chest
1503,P04T05,260,Rater3,Chest
1504,P04T05,261,Algorithm,Chest
1505,P04T05,261,Rater1,Chest
1506,P04T05,261,Rater2,Chest
1507,P04T05,261,Rater3,Chest
1508,P04T05,262,Algorithm,Chest
1509,P04T05,262,Rater1,Chest
1510,P04T05,262,Rater2,Chest
1511,P04T05,262,Rater3,Chest
1512,P04T05,263,Algorithm,Chest
1513,P04T05,263,Rater1,Chest
1514,P04T05,263,Rater2,Chest
1515,P04T05,263,Rater3,Chest
1516,P04T05,267,Algorithm,Chest
1517,P04T05,267,Rater1,Chest
1518,P04T05,267,Rater2,Left arm
1519,P04T05,267,Rater3,Chest
1520,P04T05,268,Algorithm,Chest
1521,P04T05,268,Rater1,Chest
1522,P04T05,268,Rater2,Left arm
1523,P04T05,268,Rater3,Chest
1524,P04T05,269,Algorithm,Chest
1525,P04T05,269,Rater1,Chest
1526,P04T05,269,Rater2,Left arm
1527,P04T05,269,Rater3,Chest
1528,P04T05,270,Algorithm,Chest
1529,P04T05,270,Rater1,Chest
1530,P04T05,270,Rater2,Left arm
1531,P04T05,270,Rater3,Chest
1532,P04T05,271,Algorithm,Chest
1533,P04T05,271,Rater1,Chest
1534,P04T05,271,Rater2,Left arm
1535,P04T05,271,Rater3,Chest
1536,P04T05,272,Algorithm,Chest
1537,P04T05,272,Rater1,Chest
1538,P04T05,272,Rater2,Left arm
1539,P04T05,272,Rater3,Chest
1540,P04T05,273,Algorithm,Chest
1541,P04T05,273,Rater1,Chest
1542,P04T05,273,Rater2,Left arm
1543,P04T05,273,Rater3,Chest
1544,P04T05,274,Algorithm,Chest
1545,P04T05,274,Rater1,Chest
1546,P04T05,274,Rater2,Left arm
1547,P04T05,274,Rater3,Chest
1548,P04T05,275,Algorithm,Chest
1549,P04T05,275,Rater1,Chest
1550,P04T05,275,Rater2,Chest
1551,P04T05,275,Rater3,Chest
1552,P04T05,276,Algorithm,Chest
1553,P04T05,276,Rater1,Chest
1554,P04T05,276,Rater2,Chest
1555,P04T05,276,Rater3,Chest
1556,P04T05,277,Algorithm,Chest
1557,P04T05,277,Rater1,Chest
1558,P04T05,277,Rater2,Chest
1559,P04T05,277,Rater3,Chest
1560,P04T05,278,Algorithm,Chest
1561,P04T05,278,Rater1,Chest
1562,P04T05,278,Rater2,Chest
1563,P04T05,278,Rater3,Chest
1564,P04T05,279,Algorithm,Chest
1565,P04T05,279,Rater1,Chest
1566,P04T05,279,Rater2,Chest
1567,P04T05,279,Rater3,Chest
1568,P04T05,280,Algorithm,Chest
1569,P04T05,280,Rater1,Chest
1570,P04T05,280,Rater2,Chest
1571,P04T05,280,Rater3,Chest
1572,P04T05,281,Algorithm,Chest
1573,P04T05,281,Rater1,Chest
1574,P04T05,281,Rater2,Chest
1575,P04T05,281,Rater3,Chest
1576,P04T05,282,Algorithm,Chest
1577,P04T05,282,Rater1,Chest
1578,P04T05,282,Rater2,Chest
1579,P04T05,282,Rater3,Chest
1580,P04T05,283,Algorithm,Chest
1581,P04T05,283,Rater1,Chest
1582,P04T05,283,Rater2,Chest
1583,P04T05,283,Rater3,Chest
1584,P04T05,284,Algorithm,Chest
1585,P04T05,284,Rater1,Chest
1586,P04T05,284,Rater2,Chest
1587,P04T05,284,Rater3,Chest
1588,P04T05,285,Algorithm,Chest
1589,P04T05,285,Rater1,Chest
1590,P04T05,285,Rater2,Chest
1591,P04T05,285,Rater3,Chest
1592,P04T05,286,Algorithm,Chest
1593,P04T05,286,Rater1,Chest
1594,P04T05,286,Rater2,Chest
1595,P04T05,286,Rater3,Chest
1596,P04T05,287,Algorithm,Chest
1597,P04T05,287,Rater1,Chest
1598,P04T05,287,Rater2,Chest
1599,P04T05,287,Rater3,Chest
1600,P04T05,288,Algorithm,Chest
1601,P04T05,288,Rater1,Chest
1602,P04T05,288,Rater2,Chest
1603,P04T05,288,Rater3,Chest
1604,P04T05,289,Algorithm,Chest
1605,P04T05,289,Rater1,Chest
1606,P04T05,289,Rater2,Chest
1607,P04T05,289,Rater3,Chest
1608,P04T05,290,Algorithm,Chest
1609,P04T05,290,Rater1,Chest
1610,P04T05,290,Rater2,Chest
1611,P04T05,290,Rater3,Chest
1612,P04T05,291,Algorithm,Chest
1613,P04T05,291,Rater1,Chest
1614,P04T05,291,Rater2,Left arm
1615,P04T05,291,Rater3,Chest
1616,P04T05,292,Algorithm,Chest
1617,P04T05,292,Rater1,Chest
1618,P04T05,292,Rater2,Left arm
1619,P04T05,292,Rater3,Chest
1620,P04T05,293,Algorithm,Chest
1621,P04T05,293,Rater1,Chest
1622,P04T05,293,Rater2,Left arm
1623,P04T05,293,Rater3,Chest
1624,P04T05,294,Algorithm,Chest
1625,P04T05,294,Rater1,Chest
1626,P04T05,294,Rater2,Left arm
1627,P04T05,294,Rater3,Chest
1628,P04T05,295,Algorithm,Chest
1629,P04T05,295,Rater1,Chest
1630,P04T05,295,Rater2,Left arm
1631,P04T05,295,Rater3,Chest
1632,P04T05,296,Algorithm,Chest
1633,P04T05,296,Rater1,Chest
1634,P04T05,296,Rater2,Left arm
1635,P04T05,296,Rater3,Chest
1636,P04T05,297,Algorithm,Chest
1637,P04T05,297,Rater1,Chest
1638,P04T05,297,Rater2,Left arm
1639,P04T05,297,Rater3,Chest
1640,P04T05,298,Algorithm,Chest
1641,P04T05,298,Rater1,Chest
1642,P04T05,298,Rater2,Left arm
1643,P04T05,298,Rater3,Chest
1644,P04T05,299,Algorithm,Chest
1645,P04T05,299,Rater1,Chest
1646,P04T05,299,Rater2,Left arm
1647,P04T05,299,Rater3,Chest
1648,P04T05,300,Algorithm,Chest
1649,P04T05,300,Rater1,Chest
1650,P04T05,300,Rater2,Left arm
1651,P04T05,300,Rater3,Chest
1652,P04T05,301,Algorithm,Chest
1653,P04T05,301,Rater1,Chest
1654,P04T05,301,Rater2,Left arm
1655,P04T05,301,Rater3,Chest
1656,P04T05,302,Algorithm,Chest
1657,P04T05,302,Rater1,Chest
1658,P04T05,302,Rater2,Left arm
1659,P04T05,302,Rater3,Chest
1660,P04T05,303,Algorithm,Chest
1661,P04T05,303,Rater1,Chest
1662,P04T05,303,Rater2,Left arm
1663,P04T05,303,Rater3,Chest
1664,P04T05,304,Algorithm,Chest
1665,P04T05,304,Rater1,Chest
1666,P04T05,304,Rater2,Left arm
1667,P04T05,304,Rater3,Chest
1668,P04T05,305,Algorithm,Chest
1669,P04T05,305,Rater1,Chest
1670,P04T05,305,Rater2,Left arm
1671,P04T05,305,Rater3,Chest
1672,P04T05,306,Algorithm,Chest
1673,P04T05,306,Rater1,Chest
1674,P04T05,306,Rater2,Left arm
1675,P04T05,306,Rater3,Chest
1676,P04T05,307,Algorithm,Chest
1677,P04T05,307,Rater1,Chest
1678,P04T05,307,Rater2,Chest
1679,P04T05,307,Rater3,Chest
1680,P04T05,308,Algorithm,Chest
1681,P04T05,308,Rater1,Chest
1682,P04T05,308,Rater2,Chest
1683,P04T05,308,Rater3,Head
1684,P04T05,311,Algorithm,Chest
1685,P04T05,311,Rater1,Chest
1686,P04T05,311,Rater2,Chest
1687,P04T05,311,Rater3,Head
1688,P04T05,312,Algorithm,Chest
1689,P04T05,312,Rater1,Chest
1690,P04T05,312,Rater2,Chest
1691,P04T05,312,Rater3,Head
1692,P04T05,313,Algorithm,Chest
1693,P04T05,313,Rater1,Chest
1694,P04T05,313,Rater2,Chest
1695,P04T05,313,Rater3,Head
1696,P04T05,314,Algorithm,Chest
1697,P04T05,314,Rater1,Chest
1698,P04T05,314,Rater2,Chest
1699,P04T05,314,Rater3,Head
1700,P04T05,315,Algorithm,Chest
1701,P04T05,315,Rater1,Chest
1702,P04T05,315,Rater2,Chest
1703,P04T05,315,Rater3,Head
1704,P04T16,210,Algorithm,Right leg
1705,P04T16,210,Rater1,Right leg
1706,P04T16,210,Rater2,Right leg
1707,P04T16,210,Rater3,Right leg
1708,P04T16,211,Algorithm,Right leg
1709,P04T16,211,Rater1,Right leg
1710,P04T16,211,Rater2,Right leg
1711,P04T16,211,Rater3,Right leg
1712,P04T16,212,Algorithm,Right leg
1713,P04T16,212,Rater1,Right leg
1714,P04T16,212,Rater2,Right leg
1715,P04T16,212,Rater3,Right leg
1716,P04T16,213,Algorithm,Right leg
1717,P04T16,213,Rater1,Right leg
1718,P04T16,213,Rater2,Right leg
1719,P04T16,213,Rater3,Right leg
1720,P04T16,214,Algorithm,Right leg
1721,P04T16,214,Rater1,Right leg
1722,P04T16,214,Rater2,Right leg
1723,P04T16,214,Rater3,Right leg
1724,P04T16,215,Algorithm,Right leg
1725,P04T16,215,Rater1,Right leg
1726,P04T16,215,Rater2,Right leg
1727,P04T16,215,Rater3,Right leg
1728,P04T16,217,Algorithm,Right leg
1729,P04T16,217,Rater1,Right leg
1730,P04T16,217,Rater2,Right leg
1731,P04T16,217,Rater3,Right leg
1732,P04T16,218,Algorithm,Right leg
1733,P04T16,218,Rater1,Right leg
1734,P04T16,218,Rater2,Right leg
1735,P04T16,218,Rater3,Right leg
1736,P04T16,219,Algorithm,Right leg
1737,P04T16,219,Rater1,Right leg
1738,P04T16,219,Rater2,Right leg
1739,P04T16,219,Rater3,Right leg
1740,P04T16,220,Algorithm,Left arm
1741,P04T16,220,Rater1,Right leg
1742,P04T16,220,Rater2,Right leg
1743,P04T16,220,Rater3,Pelvis
1744,P04T16,225,Algorithm,Chest
1745,P04T16,225,Rater1,Chest
1746,P04T16,225,Rater2,Head
1747,P04T16,225,Rater3,Head
1748,P04T16,226,Algorithm,Chest
1749,P04T16,226,Rater1,Chest
1750,P04T16,226,Rater2,Head
1751,P04T16,226,Rater3,Head
1752,P04T16,227,Algorithm,Chest
1753,P04T16,227,Rater1,Chest
1754,P04T16,227,Rater2,Head
1755,P04T16,227,Rater3,Head
1756,P04T16,228,Algorithm,Head
1757,P04T16,228,Rater1,Head
1758,P04T16,228,Rater2,Head
1759,P04T16,228,Rater3,Head
1760,P04T16,229,Algorithm,Head
1761,P04T16,229,Rater1,Head
1762,P04T16,229,Rater2,Head
1763,P04T16,229,Rater3,Head
1764,P04T16,230,Algorithm,Head
1765,P04T16,230,Rater1,Head
1766,P04T16,230,Rater2,Head
1767,P04T16,230,Rater3,Head
1768,P04T16,231,Algorithm,Head
1769,P04T16,231,Rater1,Head
1770,P04T16,231,Rater2,Head
1771,P04T16,231,Rater3,Head
1772,P04T16,232,Algorithm,Head
1773,P04T16,232,Rater1,Head
1774,P04T16,232,Rater2,Head
1775,P04T16,232,Rater3,Head
1776,P04T16,233,Algorithm,Head
1777,P04T16,233,Rater1,Head
1778,P04T16,233,Rater2,Head
1779,P04T16,233,Rater3,Head
1780,P04T16,234,Algorithm,Head
1781,P04T16,234,Rater1,Head
1782,P04T16,234,Rater2,Head
1783,P04T16,234,Rater3,Head
1784,P04T16,235,Algorithm,Head
1785,P04T16,235,Rater1,Head
1786,P04T16,235,Rater2,Head
1787,P04T16,235,Rater3,Head
1788,P04T16,236,Algorithm,Head
1789,P04T16,236,Rater1,Head
1790,P04T16,236,Rater2,Head
1791,P04T16,236,Rater3,Head
1792,P04T16,237,Algorithm,Chest
1793,P04T16,237,Rater1,Chest
1794,P04T16,237,Rater2,Chest
1795,P04T16,237,Rater3,Head
1796,P04T16,238,Algorithm,Chest
1797,P04T16,238,Rater1,Chest
1798,P04T16,238,Rater2,Chest
1799,P04T16,238,Rater3,Chest
1800,P04T16,239,Algorithm,Chest
1801,P04T16,239,Rater1,Chest
1802,P04T16,239,Rater2,Chest
1803,P04T16,239,Rater3,Chest
1804,P04T16,240,Algorithm,Chest
1805,P04T16,240,Rater1,Chest
1806,P04T16,240,Rater2,Chest
1807,P04T16,240,Rater3,Chest
1808,P04T16,241,Algorithm,Chest
1809,P04T16,241,Rater1,Chest
1810,P04T16,241,Rater2,Chest
1811,P04T16,241,Rater3,Chest
1812,P04T16,242,Algorithm,Chest
1813,P04T16,242,Rater1,Chest
1814,P04T16,242,Rater2,Chest
1815,P04T16,242,Rater3,Chest
1816,P04T16,243,Algorithm,Chest
1817,P04T16,243,Rater1,Chest
1818,P04T16,243,Rater2,Chest
1819,P04T16,243,Rater3,Chest
1820,P04T16,244,Algorithm,Chest
1821,P04T16,244,Rater1,Chest
1822,P04T16,244,Rater2,Chest
1823,P04T16,244,Rater3,Chest
1824,P04T16,245,Algorithm,Chest
1825,P04T16,245,Rater1,Chest
1826,P04T16,245,Rater2,Chest
1827,P04T16,245,Rater3,Chest
1828,P04T16,246,Algorithm,Chest
1829,P04T16,246,Rater1,Chest
1830,P04T16,246,Rater2,Chest
1831,P04T16,246,Rater3,Chest
1832,P04T16,247,Algorithm,Chest
1833,P04T16,247,Rater1,Chest
1834,P04T16,247,Rater2,Chest
1835,P04T16,247,Rater3,Chest
1836,P04T16,248,Algorithm,Chest
1837,P04T16,248,Rater1,Chest
1838,P04T16,248,Rater2,Chest
1839,P04T16,248,Rater3,Chest
1840,P04T16,249,Algorithm,Chest
1841,P04T16,249,Rater1,Chest
1842,P04T16,249,Rater2,Chest
1843,P04T16,249,Rater3,Chest
1844,P04T16,250,Algorithm,Chest
1845,P04T16,250,Rater1,Chest
1846,P04T16,250,Rater2,Chest
1847,P04T16,250,Rater3,Chest
1848,P04T16,251,Algorithm,Chest
1849,P04T16,251,Rater1,Chest
1850,P04T16,251,Rater2,Chest
1851,P04T16,251,Rater3,Head
1852,P04T16,252,Algorithm,Chest
1853,P04T16,252,Rater1,Chest
1854,P04T16,252,Rater2,Chest
1855,P04T16,252,Rater3,Chest
1856,P04T16,253,Algorithm,Chest
1857,P04T16,253,Rater1,Chest
1858,P04T16,253,Rater2,Chest
1859,P04T16,253,Rater3,Head
1860,P04T16,254,Algorithm,Head
1861,P04T16,254,Rater1,Chest
1862,P04T16,254,Rater2,Chest
1863,P04T16,254,Rater3,Head
1864,P04T16,255,Algorithm,Head
1865,P04T16,255,Rater1,Head
1866,P04T16,255,Rater2,Head
1867,P04T16,255,Rater3,Head
1868,P04T16,256,Algorithm,Chest
1869,P04T16,256,Rater1,Head
1870,P04T16,256,Rater2,Head
1871,P04T16,256,Rater3,Head
1872,P04T16,257,Algorithm,Chest
1873,P04T16,257,Rater1,Head
1874,P04T16,257,Rater2,Head
1875,P04T16,257,Rater3,Head
1876,P04T16,259,Algorithm,Chest
1877,P04T16,259,Rater1,Chest
1878,P04T16,259,Rater2,Chest
1879,P04T16,259,Rater3,Chest
1880,P04T16,264,Algorithm,Chest
1881,P04T16,264,Rater1,Head
1882,P04T16,264,Rater2,Head
1883,P04T16,264,Rater3,Head
1884,P04T16,267,Algorithm,Chest
1885,P04T16,267,Rater1,Chest
1886,P04T16,267,Rater2,Left arm
1887,P04T16,267,Rater3,Chest
1888,P04T16,268,Algorithm,Chest
1889,P04T16,268,Rater1,Chest
1890,P04T16,268,Rater2,Left arm
1891,P04T16,268,Rater3,Chest
1892,P04T16,269,Algorithm,Chest
1893,P04T16,269,Rater1,Chest
1894,P04T16,269,Rater2,Left arm
1895,P04T16,269,Rater3,Chest
1896,P04T16,270,Algorithm,Chest
1897,P04T16,270,Rater1,Chest
1898,P04T16,270,Rater2,Left arm
1899,P04T16,270,Rater3,Chest
1900,P04T16,271,Algorithm,Chest
1901,P04T16,271,Rater1,Chest
1902,P04T16,271,Rater2,Left arm
1903,P04T16,271,Rater3,Chest
1904,P04T16,272,Algorithm,Chest
1905,P04T16,272,Rater1,Chest
1906,P04T16,272,Rater2,Left arm
1907,P04T16,272,Rater3,Chest
1908,P04T16,273,Algorithm,Chest
1909,P04T16,273,Rater1,Chest
1910,P04T16,273,Rater2,Left arm
1911,P04T16,273,Rater3,Chest
1912,P04T16,274,Algorithm,Chest
1913,P04T16,274,Rater1,Chest
1914,P04T16,274,Rater2,Left arm
1915,P04T16,274,Rater3,Chest
1916,P04T16,275,Algorithm,Chest
1917,P04T16,275,Rater1,Chest
1918,P04T16,275,Rater2,Left arm
1919,P04T16,275,Rater3,Chest
1920,P04T16,276,Algorithm,Chest
1921,P04T16,276,Rater1,Chest
1922,P04T16,276,Rater2,Left arm
1923,P04T16,276,Rater3,Chest
1924,P04T16,277,Algorithm,Chest
1925,P04T16,277,Rater1,Chest
1926,P04T16,277,Rater2,Left arm
1927,P04T16,277,Rater3,Chest
1928,P04T16,278,Algorithm,Chest
1929,P04T16,278,Rater1,Chest
1930,P04T16,278,Rater2,Left arm
1931,P04T16,278,Rater3,Chest
1932,P04T16,279,Algorithm,Chest
1933,P04T16,279,Rater1,Chest
1934,P04T16,279,Rater2,Left arm
1935,P04T16,279,Rater3,Chest
1936,P04T16,280,Algorithm,Chest
1937,P04T16,280,Rater1,Chest
1938,P04T16,280,Rater2,Left arm
1939,P04T16,280,Rater3,Chest
1940,P04T16,281,Algorithm,Chest
1941,P04T16,281,Rater1,Chest
1942,P04T16,281,Rater2,Left arm
1943,P04T16,281,Rater3,Chest
1944,P04T16,282,Algorithm,Chest
1945,P04T16,282,Rater1,Chest
1946,P04T16,282,Rater2,Left arm
1947,P04T16,282,Rater3,Chest
1948,P04T16,283,Algorithm,Chest
1949,P04T16,283,Rater1,Chest
1950,P04T16,283,Rater2,Left arm
1951,P04T16,283,Rater3,Chest
1952,P04T16,284,Algorithm,Chest
1953,P04T16,284,Rater1,Chest
1954,P04T16,284,Rater2,Left arm
1955,P04T16,284,Rater3,Chest
1956,P04T16,285,Algorithm,Chest
1957,P04T16,285,Rater1,Chest
1958,P04T16,285,Rater2,Left arm
1959,P04T16,285,Rater3,Chest
1960,P04T16,286,Algorithm,Chest
1961,P04T16,286,Rater1,Chest
1962,P04T16,286,Rater2,Left arm
1963,P04T16,286,Rater3,Chest
1964,P04T16,287,Algorithm,Chest
1965,P04T16,287,Rater1,Chest
1966,P04T16,287,Rater2,Left arm
1967,P04T16,287,Rater3,Chest
1968,P04T16,288,Algorithm,Chest
1969,P04T16,288,Rater1,Chest
1970,P04T16,288,Rater2,Left arm
1971,P04T16,288,Rater3,Chest
1972,P04T16,289,Algorithm,Chest
1973,P04T16,289,Rater1,Chest
1974,P04T16,289,Rater2,Left arm
1975,P04T16,289,Rater3,Chest
1976,P04T16,290,Algorithm,Chest
1977,P04T16,290,Rater1,Chest
1978,P04T16,290,Rater2,Left arm
1979,P04T16,290,Rater3,Chest
1980,P04T16,291,Algorithm,Chest
1981,P04T16,291,Rater1,Chest
1982,P04T16,291,Rater2,Left arm
1983,P04T16,291,Rater3,Chest
1984,P04T16,292,Algorithm,Chest
1985,P04T16,292,Rater1,Chest
1986,P04T16,292,Rater2,Left arm
1987,P04T16,292,Rater3,Chest
1988,P04T16,293,Algorithm,Chest
1989,P04T16,293,Rater1,Chest
1990,P04T16,293,Rater2,Left arm
1991,P04T16,293,Rater3,Chest
1992,P04T16,294,Algorithm,Chest
1993,P04T16,294,Rater1,Chest
1994,P04T16,294,Rater2,Left arm
1995,P04T16,294,Rater3,Chest
1996,P04T16,295,Algorithm,Chest
1997,P04T16,295,Rater1,Chest
1998,P04T16,295,Rater2,Left arm
1999,P04T16,295,Rater3,Chest
2000,P04T16,299,Algorithm,Left arm
2001,P04T16,299,Rater1,Chest
2002,P04T16,299,Rater2,Chest
2003,P04T16,299,Rater3,Chest
2004,P04T16,300,Algorithm,Chest
2005,P04T16,300,Rater1,Chest
2006,P04T16,300,Rater2,Chest
2007,P04T16,300,Rater3,Chest
2008,P04T16,301,Algorithm,Chest
2009,P04T16,301,Rater1,Chest
2010,P04T16,301,Rater2,Left arm
2011,P04T16,301,Rater3,Chest
2012,P04T16,302,Algorithm,Chest
2013,P04T16,302,Rater1,Chest
2014,P04T16,302,Rater2,Left arm
2015,P04T16,302,Rater3,Chest
2016,P04T16,303,Algorithm,Chest
2017,P04T16,303,Rater1,Chest
2018,P04T16,303,Rater2,Left arm
2019,P04T16,303,Rater3,Chest
2020,P04T16,304,Algorithm,Chest
2021,P04T16,304,Rater1,Chest
2022,P04T16,304,Rater2,Left arm
2023,P04T16,304,Rater3,Chest
2024,P04T16,305,Algorithm,Chest
2025,P04T16,305,Rater1,Chest
2026,P04T16,305,Rater2,Left arm
2027,P04T16,305,Rater3,Chest
2028,P04T16,306,Algorithm,Chest
2029,P04T16,306,Rater1,Chest
2030,P04T16,306,Rater2,Left arm
2031,P04T16,306,Rater3,Chest
2032,P04T16,307,Algorithm,Chest
2033,P04T16,307,Rater1,Chest
2034,P04T16,307,Rater2,Left arm
2035,P04T16,307,Rater3,Chest
2036,P04T16,308,Algorithm,Chest
2037,P04T16,308,Rater1,Chest
2038,P04T16,308,Rater2,Left arm
2039,P04T16,308,Rater3,Chest
2040,P04T16,309,Algorithm,Chest
2041,P04T16,309,Rater1,Chest
2042,P04T16,309,Rater2,Left arm
2043,P04T16,309,Rater3,Chest
2044,P04T16,310,Algorithm,Chest
2045,P04T16,310,Rater1,Chest
2046,P04T16,310,Rater2,Left arm
2047,P04T16,310,Rater3,Chest
2048,P04T16,311,Algorithm,Chest
2049,P04T16,311,Rater1,Chest
2050,P04T16,311,Rater2,Left arm
2051,P04T16,311,Rater3,Chest
2052,P04T16,312,Algorithm,Chest
2053,P04T16,312,Rater1,Chest
2054,P04T16,312,Rater2,Left arm
2055,P04T16,312,Rater3,Chest
2056,P04T16,313,Algorithm,Chest
2057,P04T16,313,Rater1,Chest
2058,P04T16,313,Rater2,Left arm
2059,P04T16,313,Rater3,Chest
2060,P04T16,314,Algorithm,Chest
2061,P04T16,314,Rater1,Chest
2062,P04T16,314,Rater2,Left arm
2063,P04T16,314,Rater3,Chest
2064,P04T16,315,Algorithm,Chest
2065,P04T16,315,Rater1,Chest
2066,P04T16,315,Rater2,Left arm
2067,P04T16,315,Rater3,Chest
2068,P04T16,316,Algorithm,Chest
2069,P04T16,316,Rater1,Chest
2070,P04T16,316,Rater2,Left arm
2071,P04T16,316,Rater3,Chest
2072,P04T16,317,Algorithm,Chest
2073,P04T16,317,Rater1,Chest
2074,P04T16,317,Rater2,Left arm
2075,P04T16,317,Rater3,Chest
2076,P04T16,318,Algorithm,Chest
2077,P04T16,318,Rater1,Chest
2078,P04T16,318,Rater2,Left arm
2079,P04T16,318,Rater3,Chest
2080,P04T16,319,Algorithm,Chest
2081,P04T16,319,Rater1,Chest
2082,P04T16,319,Rater2,Left arm
2083,P04T16,319,Rater3,Chest
2084,P04T16,320,Algorithm,Chest
2085,P04T16,320,Rater1,Chest
2086,P04T16,320,Rater2,Left arm
2087,P04T16,320,Rater3,Chest
2088,P04T16,321,Algorithm,Chest
2089,P04T16,321,Rater1,Chest
2090,P04T16,321,Rater2,Left arm
2091,P04T16,321,Rater3,Chest
2092,P04T16,322,Algorithm,Chest
2093,P04T16,322,Rater1,Chest
2094,P04T16,322,Rater2,Left arm
2095,P04T16,322,Rater3,Chest
2096,P04T16,323,Algorithm,Chest
2097,P04T16,323,Rater1,Chest
2098,P04T16,323,Rater2,Left arm
2099,P04T16,323,Rater3,Chest
2100,P04T16,326,Algorithm,Chest
2101,P04T16,326,Rater1,Chest
2102,P04T16,326,Rater2,Left arm
2103,P04T16,326,Rater3,Chest
2104,P04T16,327,Algorithm,Chest
2105,P04T16,327,Rater1,Chest
2106,P04T16,327,Rater2,Left arm
2107,P04T16,327,Rater3,Chest
2108,P04T16,328,Algorithm,Chest
2109,P04T16,328,Rater1,Chest
2110,P04T16,328,Rater2,Left arm
2111,P04T16,328,Rater3,Chest
2112,P04T16,329,Algorithm,Chest
2113,P04T16,329,Rater1,Chest
2114,P04T16,329,Rater2,Left arm
2115,P04T16,329,Rater3,Chest
2116,P04T16,330,Algorithm,Chest
2117,P04T16,330,Rater1,Chest
2118,P04T16,330,Rater2,Left arm
2119,P04T16,330,Rater3,Chest
2120,P04T16,331,Algorithm,Chest
2121,P04T16,331,Rater1,Chest
2122,P04T16,331,Rater2,Left arm
2123,P04T16,331,Rater3,Chest
2124,P04T16,332,Algorithm,Chest
2125,P04T16,332,Rater1,Chest
2126,P04T16,332,Rater2,Left arm
2127,P04T16,332,Rater3,Chest
2128,P04T16,333,Algorithm,Chest
2129,P04T16,333,Rater1,Chest
2130,P04T16,333,Rater2,Left arm
2131,P04T16,333,Rater3,Chest
2132,P04T16,334,Algorithm,Chest
2133,P04T16,334,Rater1,Chest
2134,P04T16,334,Rater2,Left arm
2135,P04T16,334,Rater3,Chest
2136,P04T16,335,Algorithm,Chest
2137,P04T16,335,Rater1,Chest
2138,P04T16,335,Rater2,Chest
2139,P04T16,335,Rater3,Chest
2140,P04T16,337,Algorithm,Chest
2141,P04T16,337,Rater1,Chest
2142,P04T16,337,Rater2,Chest
2143,P04T16,337,Rater3,Chest
2144,P04T16,338,Algorithm,Chest
2145,P04T16,338,Rater1,Chest
2146,P04T16,338,Rater2,Chest
2147,P04T16,338,Rater3,Chest
2148,P04T16,339,Algorithm,Left arm
2149,P04T16,339,Rater1,Chest
2150,P04T16,339,Rater2,Chest
2151,P04T16,339,Rater3,Chest
2152,P04T16,340,Algorithm,Chest
2153,P04T16,340,Rater1,Chest
2154,P04T16,340,Rater2,Left arm
2155,P04T16,340,Rater3,Chest
2156,P04T16,341,Algorithm,Chest
2157,P04T16,341,Rater1,Chest
2158,P04T16,341,Rater2,Left arm
2159,P04T16,341,Rater3,Chest
2160,P04T16,343,Algorithm,Chest
2161,P04T16,343,Rater1,Chest
2162,P04T16,343,Rater2,Head
2163,P04T16,343,Rater3,Right arm
2164,P05T16,376,Algorithm,Chest
2165,P05T16,376,Rater1,Chest
2166,P05T16,376,Rater2,Chest
2167,P05T16,376,Rater3,Chest
2168,P05T16,377,Algorithm,Chest
2169,P05T16,377,Rater1,Chest
2170,P05T16,377,Rater2,Chest
2171,P05T16,377,Rater3,Chest
2172,P05T16,378,Algorithm,Chest
2173,P05T16,378,Rater1,Chest
2174,P05T16,378,Rater2,Chest
2175,P05T16,378,Rater3,Chest
2176,P05T16,379,Algorithm,Chest
2177,P05T16,379,Rater1,Chest
2178,P05T16,379,Rater2,Chest
2179,P05T16,379,Rater3,Chest
2180,P05T16,380,Algorithm,Chest
2181,P05T16,380,Rater1,Chest
2182,P05T16,380,Rater2,Chest
2183,P05T16,380,Rater3,Chest
2184,P05T16,381,Algorithm,Chest
2185,P05T16,381,Rater1,Chest
2186,P05T16,381,Rater2,Chest
2187,P05T16,381,Rater3,Chest
2188,P05T16,382,Algorithm,Chest
2189,P05T16,382,Rater1,Chest
2190,P05T16,382,Rater2,Chest
2191,P05T16,382,Rater3,Chest
2192,P05T16,383,Algorithm,Chest
2193,P05T16,383,Rater1,Chest
2194,P05T16,383,Rater2,Chest
2195,P05T16,383,Rater3,Chest
2196,P05T16,384,Algorithm,Chest
2197,P05T16,384,Rater1,Chest
2198,P05T16,384,Rater2,Chest
2199,P05T16,384,Rater3,Chest
2200,P05T16,385,Algorithm,Chest
2201,P05T16,385,Rater1,Chest
2202,P05T16,385,Rater2,Chest
2203,P05T16,385,Rater3,Chest
2204,P05T16,386,Algorithm,Chest
2205,P05T16,386,Rater1,Chest
2206,P05T16,386,Rater2,Chest
2207,P05T16,386,Rater3,Chest
2208,P05T16,387,Algorithm,Chest
2209,P05T16,387,Rater1,Chest
2210,P05T16,387,Rater2,Chest
2211,P05T16,387,Rater3,Chest
2212,P05T16,388,Algorithm,Chest
2213,P05T16,388,Rater1,Chest
2214,P05T16,388,Rater2,Chest
2215,P05T16,388,Rater3,Chest
2216,P05T16,389,Algorithm,Chest
2217,P05T16,389,Rater1,Chest
2218,P05T16,389,Rater2,Chest
2219,P05T16,389,Rater3,Chest
2220,P05T16,392,Algorithm,Head
2221,P05T16,392,Rater1,Chest
2222,P05T16,392,Rater2,Left arm
2223,P05T16,392,Rater3,Left arm
2224,P05T16,398,Algorithm,Left arm
2225,P05T16,398,Rater1,Chest
2226,P05T16,398,Rater2,Left arm
2227,P05T16,398,Rater3,Left arm
2228,P05T16,399,Algorithm,Chest
2229,P05T16,399,Rater1,Chest
2230,P05T16,399,Rater2,Left arm
2231,P05T16,399,Rater3,Left arm
2232,P05T16,400,Algorithm,Left arm
2233,P05T16,400,Rater1,Chest
2234,P05T16,400,Rater2,Left arm
2235,P05T16,400,Rater3,Left arm
2236,P05T16,401,Algorithm,Left arm
2237,P05T16,401,Rater1,Chest
2238,P05T16,401,Rater2,Left arm
2239,P05T16,401,Rater3,Left arm
2240,P05T16,402,Algorithm,Left arm
2241,P05T16,402,Rater1,Chest
2242,P05T16,402,Rater2,Right arm
2243,P05T16,402,Rater3,Right arm
2244,P05T16,403,Algorithm,Left arm
2245,P05T16,403,Rater1,Chest
2246,P05T16,403,Rater2,Right arm
2247,P05T16,403,Rater3,Right arm
2248,P05T16,404,Algorithm,Left arm
2249,P05T16,404,Rater1,Chest
2250,P05T16,404,Rater2,Right arm
2251,P05T16,404,Rater3,Right arm
2252,P05T16,405,Algorithm,Chest
2253,P05T16,405,Rater1,Chest
2254,P05T16,405,Rater2,Right arm
2255,P05T16,405,Rater3,Right arm
2256,P05T16,406,Algorithm,Chest
2257,P05T16,406,Rater1,Chest
2258,P05T16,406,Rater2,Right arm
2259,P05T16,406,Rater3,Right arm
2260,P05T16,407,Algorithm,Chest
2261,P05T16,407,Rater1,Chest
2262,P05T16,407,Rater2,Right arm
2263,P05T16,407,Rater3,Right arm
2264,P05T16,408,Algorithm,Right arm
2265,P05T16,408,Rater1,Chest
2266,P05T16,408,Rater2,Right arm
2267,P05T16,408,Rater3,Right arm
2268,P05T16,409,Algorithm,Right arm
2269,P05T16,409,Rater1,Chest
2270,P05T16,409,Rater2,Right arm
2271,P05T16,409,Rater3,Right arm
2272,P05T16,410,Algorithm,Chest
2273,P05T16,410,Rater1,Chest
2274,P05T16,410,Rater2,Right arm
2275,P05T16,410,Rater3,Right arm
2276,P05T16,411,Algorithm,Pelvis
2277,P05T16,411,Rater1,Chest
2278,P05T16,411,Rater2,Right arm
2279,P05T16,411,Rater3,Right arm
2280,P05T16,412,Algorithm,Pelvis
2281,P05T16,412,Rater1,Chest
2282,P05T16,412,Rater2,Right arm
2283,P05T16,412,Rater3,Right arm
2284,P05T16,413,Algorithm,Pelvis
2285,P05T16,413,Rater1,Pelvis
2286,P05T16,413,Rater2,Left arm
2287,P05T16,413,Rater3,Chest
2288,P05T16,414,Algorithm,Pelvis
2289,P05T16,414,Rater1,Pelvis
2290,P05T16,414,Rater2,Left arm
2291,P05T16,414,Rater3,Chest
2292,P05T16,415,Algorithm,Pelvis
2293,P05T16,415,Rater1,Pelvis
2294,P05T16,415,Rater2,Left arm
2295,P05T16,415,Rater3,Chest
2296,P05T16,416,Algorithm,Pelvis
2297,P05T16,416,Rater1,Pelvis
2298,P05T16,416,Rater2,Left arm
2299,P05T16,416,Rater3,Chest
2300,P05T16,417,Algorithm,Pelvis
2301,P05T16,417,Rater1,Pelvis
2302,P05T16,417,Rater2,Left arm
2303,P05T16,417,Rater3,Chest
2304,P05T16,418,Algorithm,Chest
2305,P05T16,418,Rater1,Pelvis
2306,P05T16,418,Rater2,Left arm
2307,P05T16,418,Rater3,Chest
2308,P05T16,419,Algorithm,Chest
2309,P05T16,419,Rater1,Pelvis
2310,P05T16,419,Rater2,Left arm
2311,P05T16,419,Rater3,Chest
2312,P05T16,420,Algorithm,Pelvis
2313,P05T16,420,Rater1,Pelvis
2314,P05T16,420,Rater2,Left arm
2315,P05T16,420,Rater3,Chest
2316,P05T16,421,Algorithm,Pelvis
2317,P05T16,421,Rater1,Pelvis
2318,P05T16,421,Rater2,Left arm
2319,P05T16,421,Rater3,Chest
2320,P05T16,422,Algorithm,Chest
2321,P05T16,422,Rater1,Pelvis
2322,P05T16,422,Rater2,Left arm
2323,P05T16,422,Rater3,Chest
2324,P05T16,423,Algorithm,Left arm
2325,P05T16,423,Rater1,Pelvis
2326,P05T16,423,Rater2,Left arm
2327,P05T16,423,Rater3,Chest
2328,P05T16,424,Algorithm,Chest
2329,P05T16,424,Rater1,Pelvis
2330,P05T16,424,Rater2,Left arm
2331,P05T16,424,Rater3,Chest
2332,P05T16,425,Algorithm,Chest
2333,P05T16,425,Rater1,Pelvis
2334,P05T16,425,Rater2,Left arm
2335,P05T16,425,Rater3,Chest
2336,P05T16,426,Algorithm,Chest
2337,P05T16,426,Rater1,Pelvis
2338,P05T16,426,Rater2,Left arm
2339,P05T16,426,Rater3,Chest
2340,P05T16,427,Algorithm,Chest
2341,P05T16,427,Rater1,Chest
2342,P05T16,427,Rater2,Left arm
2343,P05T16,427,Rater3,Chest
2344,P05T16,428,Algorithm,Chest
2345,P05T16,428,Rater1,Chest
2346,P05T16,428,Rater2,Left arm
2347,P05T16,428,Rater3,Chest
2348,P05T16,429,Algorithm,Chest
2349,P05T16,429,Rater1,Chest
2350,P05T16,429,Rater2,Left arm
2351,P05T16,429,Rater3,Chest
2352,P05T16,430,Algorithm,Chest
2353,P05T16,430,Rater1,Chest
2354,P05T16,430,Rater2,Left arm
2355,P05T16,430,Rater3,Chest
2356,P05T31,327,Algorithm,Chest
2357,P05T31,327,Rater1,Chest
2358,P05T31,327,Rater2,Chest
2359,P05T31,327,Rater3,Chest
2360,P05T31,328,Algorithm,Chest
2361,P05T31,328,Rater1,Chest
2362,P05T31,328,Rater2,Chest
2363,P05T31,328,Rater3,Chest
2364,P05T31,329,Algorithm,Left arm
2365,P05T31,329,Rater1,Chest
2366,P05T31,329,Rater2,Chest
2367,P05T31,329,Rater3,Chest
2368,P05T31,330,Algorithm,Chest
2369,P05T31,330,Rater1,Chest
2370,P05T31,330,Rater2,Chest
2371,P05T31,330,Rater3,Chest
2372,P05T31,331,Algorithm,Chest
2373,P05T31,331,Rater1,Chest
2374,P05T31,331,Rater2,Chest
2375,P05T31,331,Rater3,Chest
2376,P05T31,332,Algorithm,Chest
2377,P05T31,332,Rater1,Chest
2378,P05T31,332,Rater2,Chest
2379,P05T31,332,Rater3,Chest
2380,P05T31,333,Algorithm,Chest
2381,P05T31,333,Rater1,Chest
2382,P05T31,333,Rater2,Chest
2383,P05T31,333,Rater3,Chest
2384,P05T31,334,Algorithm,Chest
2385,P05T31,334,Rater1,Chest
2386,P05T31,334,Rater2,Chest
2387,P05T31,334,Rater3,Chest
2388,P05T31,335,Algorithm,Chest
2389,P05T31,335,Rater1,Chest
2390,P05T31,335,Rater2,Chest
2391,P05T31,335,Rater3,Chest
2392,P05T31,336,Algorithm,Chest
2393,P05T31,336,Rater1,Chest
2394,P05T31,336,Rater2,Chest
2395,P05T31,336,Rater3,Chest
2396,P05T31,337,Algorithm,Chest
2397,P05T31,337,Rater1,Chest
2398,P05T31,337,Rater2,Chest
2399,P05T31,337,Rater3,Chest
2400,P05T31,338,Algorithm,Chest
2401,P05T31,338,Rater1,Chest
2402,P05T31,338,Rater2,Chest
2403,P05T31,338,Rater3,Chest
2404,P05T31,342,Algorithm,Chest
2405,P05T31,342,Rater1,Chest
2406,P05T31,342,Rater2,Chest
2407,P05T31,342,Rater3,Head
2408,P05T31,343,Algorithm,Chest
2409,P05T31,343,Rater1,Chest
2410,P05T31,343,Rater2,Chest
2411,P05T31,343,Rater3,Head
2412,P05T31,344,Algorithm,Chest
2413,P05T31,344,Rater1,Chest
2414,P05T31,344,Rater2,Chest
2415,P05T31,344,Rater3,Head
2416,P05T31,345,Algorithm,Chest
2417,P05T31,345,Rater1,Chest
2418,P05T31,345,Rater2,Chest
2419,P05T31,345,Rater3,Head
2420,P05T31,346,Algorithm,Chest
2421,P05T31,346,Rater1,Chest
2422,P05T31,346,Rater2,Chest
2423,P05T31,346,Rater3,Head
2424,P05T31,347,Algorithm,Chest
2425,P05T31,347,Rater1,Chest
2426,P05T31,347,Rater2,Chest
2427,P05T31,347,Rater3,Head
2428,P05T31,348,Algorithm,Chest
2429,P05T31,348,Rater1,Chest
2430,P05T31,348,Rater2,Chest
2431,P05T31,348,Rater3,Chest
2432,P05T31,349,Algorithm,Chest
2433,P05T31,349,Rater1,Chest
2434,P05T31,349,Rater2,Chest
2435,P05T31,349,Rater3,Chest
2436,P05T31,350,Algorithm,Chest
2437,P05T31,350,Rater1,Chest
2438,P05T31,350,Rater2,Chest
2439,P05T31,350,Rater3,Chest
2440,P05T31,351,Algorithm,Chest
2441,P05T31,351,Rater1,Chest
2442,P05T31,351,Rater2,Chest
2443,P05T31,351,Rater3,Chest
2444,P05T31,352,Algorithm,Chest
2445,P05T31,352,Rater1,Chest
2446,P05T31,352,Rater2,Chest
2447,P05T31,352,Rater3,Chest
2448,P05T31,353,Algorithm,Chest
2449,P05T31,353,Rater1,Chest
2450,P05T31,353,Rater2,Chest
2451,P05T31,353,Rater3,Chest
2452,P05T31,354,Algorithm,Chest
2453,P05T31,354,Rater1,Chest
2454,P05T31,354,Rater2,Chest
2455,P05T31,354,Rater3,Chest
2456,P05T31,355,Algorithm,Chest
2457,P05T31,355,Rater1,Chest
2458,P05T31,355,Rater2,Chest
2459,P05T31,355,Rater3,Chest
2460,P05T31,356,Algorithm,Chest
2461,P05T31,356,Rater1,Chest
2462,P05T31,356,Rater2,Chest
2463,P05T31,356,Rater3,Chest
2464,P05T31,357,Algorithm,Chest
2465,P05T31,357,Rater1,Chest
2466,P05T31,357,Rater2,Chest
2467,P05T31,357,Rater3,Chest
2468,P05T31,358,Algorithm,Chest
2469,P05T31,358,Rater1,Chest
2470,P05T31,358,Rater2,Chest
2471,P05T31,358,Rater3,Chest
2472,P05T31,359,Algorithm,Chest
2473,P05T31,359,Rater1,Chest
2474,P05T31,359,Rater2,Chest
2475,P05T31,359,Rater3,Chest
2476,P05T31,360,Algorithm,Chest
2477,P05T31,360,Rater1,Chest
2478,P05T31,360,Rater2,Chest
2479,P05T31,360,Rater3,Chest
2480,P05T31,361,Algorithm,Chest
2481,P05T31,361,Rater1,Chest
2482,P05T31,361,Rater2,Chest
2483,P05T31,361,Rater3,Chest
2484,P05T31,362,Algorithm,Chest
2485,P05T31,362,Rater1,Chest
2486,P05T31,362,Rater2,Chest
2487,P05T31,362,Rater3,Chest
2488,P05T31,363,Algorithm,Chest
2489,P05T31,363,Rater1,Chest
2490,P05T31,363,Rater2,Chest
2491,P05T31,363,Rater3,Chest
2492,P05T31,364,Algorithm,Chest
2493,P05T31,364,Rater1,Chest
2494,P05T31,364,Rater2,Chest
2495,P05T31,364,Rater3,Chest
2496,P05T31,365,Algorithm,Chest
2497,P05T31,365,Rater1,Chest
2498,P05T31,365,Rater2,Chest
2499,P05T31,365,Rater3,Chest
2500,P05T31,366,Algorithm,Left arm
2501,P05T31,366,Rater1,Chest
2502,P05T31,366,Rater2,Left arm
2503,P05T31,366,Rater3,Left arm
2504,P05T31,367,Algorithm,Chest
2505,P05T31,367,Rater1,Left arm
2506,P05T31,367,Rater2,Left arm
2507,P05T31,367,Rater3,Left arm
2508,P05T31,368,Algorithm,Chest
2509,P05T31,368,Rater1,Left arm
2510,P05T31,368,Rater2,Left arm
2511,P05T31,368,Rater3,Left arm
2512,P05T31,369,Algorithm,Chest
2513,P05T31,369,Rater1,Left arm
2514,P05T31,369,Rater2,Left arm
2515,P05T31,369,Rater3,Left arm
2516,P05T31,370,Algorithm,Chest
2517,P05T31,370,Rater1,Left arm
2518,P05T31,370,Rater2,Left arm
2519,P05T31,370,Rater3,Left arm
2520,P05T31,371,Algorithm,Chest
2521,P05T31,371,Rater1,Left arm
2522,P05T31,371,Rater2,Left arm
2523,P05T31,371,Rater3,Left arm
2524,P05T31,372,Algorithm,Left arm
2525,P05T31,372,Rater1,Left arm
2526,P05T31,372,Rater2,Left arm
2527,P05T31,372,Rater3,Left arm
2528,P05T31,373,Algorithm,Left arm
2529,P05T31,373,Rater1,Left arm
2530,P05T31,373,Rater2,Left arm
2531,P05T31,373,Rater3,Left arm
2532,P05T31,374,Algorithm,Left arm
2533,P05T31,374,Rater1,Left arm
2534,P05T31,374,Rater2,Left arm
2535,P05T31,374,Rater3,Left arm
2536,P05T31,375,Algorithm,Left arm
2537,P05T31,375,Rater1,Left arm
2538,P05T31,375,Rater2,Left arm
2539,P05T31,375,Rater3,Left arm
2540,P05T31,376,Algorithm,Left arm
2541,P05T31,376,Rater1,Left arm
2542,P05T31,376,Rater2,Left arm
2543,P05T31,376,Rater3,Chest
2544,P05T31,377,Algorithm,Left arm
2545,P05T31,377,Rater1,Left arm
2546,P05T31,377,Rater2,Left arm
2547,P05T31,377,Rater3,Chest
2548,P05T31,378,Algorithm,Left arm
2549,P05T31,378,Rater1,Left arm
2550,P05T31,378,Rater2,Left arm
2551,P05T31,378,Rater3,Chest
2552,P05T31,379,Algorithm,Left arm
2553,P05T31,379,Rater1,Left arm
2554,P05T31,379,Rater2,Left arm
2555,P05T31,379,Rater3,Chest
2556,P05T31,380,Algorithm,Left arm
2557,P05T31,380,Rater1,Left arm
2558,P05T31,380,Rater2,Left arm
2559,P05T31,380,Rater3,Chest
2560,P05T31,381,Algorithm,Chest
2561,P05T31,381,Rater1,Chest
2562,P05T31,381,Rater2,Chest
2563,P05T31,381,Rater3,Chest
2564,P05T31,382,Algorithm,Chest
2565,P05T31,382,Rater1,Chest
2566,P05T31,382,Rater2,Chest
2567,P05T31,382,Rater3,Head
2568,P05T31,383,Algorithm,Chest
2569,P05T31,383,Rater1,Chest
2570,P05T31,383,Rater2,Chest
2571,P05T31,383,Rater3,Head
2572,P05T31,384,Algorithm,Chest
2573,P05T31,384,Rater1,Chest
2574,P05T31,384,Rater2,Chest
2575,P05T31,384,Rater3,Chest
2576,P05T31,385,Algorithm,Chest
2577,P05T31,385,Rater1,Chest
2578,P05T31,385,Rater2,Chest
2579,P05T31,385,Rater3,Chest
2580,P05T31,386,Algorithm,Chest
2581,P05T31,386,Rater1,Chest
2582,P05T31,386,Rater2,Chest
2583,P05T31,386,Rater3,Head
2584,P05T31,387,Algorithm,Chest
2585,P05T31,387,Rater1,Chest
2586,P05T31,387,Rater2,Chest
2587,P05T31,387,Rater3,Chest
2588,P05T31,388,Algorithm,Chest
2589,P05T31,388,Rater1,Chest
2590,P05T31,388,Rater2,Chest
2591,P05T31,388,Rater3,Chest
2592,P05T31,389,Algorithm,Chest
2593,P05T31,389,Rater1,Chest
2594,P05T31,389,Rater2,Chest
2595,P05T31,389,Rater3,Chest
2596,P05T31,390,Algorithm,Chest
2597,P05T31,390,Rater1,Chest
2598,P05T31,390,Rater2,Chest
2599,P05T31,390,Rater3,Chest
2600,P05T31,391,Algorithm,Chest
2601,P05T31,391,Rater1,Chest
2602,P05T31,391,Rater2,Chest
2603,P05T31,391,Rater3,Chest
2604,P05T31,392,Algorithm,Chest
2605,P05T31,392,Rater1,Chest
2606,P05T31,392,Rater2,Chest
2607,P05T31,392,Rater3,Chest
2608,P05T31,393,Algorithm,Chest
2609,P05T31,393,Rater1,Chest
2610,P05T31,393,Rater2,Chest
2611,P05T31,393,Rater3,Chest
2612,P05T31,406,Algorithm,Chest
2613,P05T31,406,Rater1,Chest
2614,P05T31,406,Rater2,Chest
2615,P05T31,406,Rater3,Chest
2616,P06T05,318,Algorithm,Chest
2617,P06T05,318,Rater1,Chest
2618,P06T05,318,Rater2,Chest
2619,P06T05,318,Rater3,Chest
2620,P06T05,319,Algorithm,Chest
2621,P06T05,319,Rater1,Chest
2622,P06T05,319,Rater2,Chest
2623,P06T05,319,Rater3,Chest
2624,P06T05,320,Algorithm,Chest
2625,P06T05,320,Rater1,Chest
2626,P06T05,320,Rater2,Chest
2627,P06T05,320,Rater3,Chest
2628,P06T05,321,Algorithm,Chest
2629,P06T05,321,Rater1,Chest
2630,P06T05,321,Rater2,Chest
2631,P06T05,321,Rater3,Chest
2632,P06T05,322,Algorithm,Chest
2633,P06T05,322,Rater1,Chest
2634,P06T05,322,Rater2,Chest
2635,P06T05,322,Rater3,Chest
2636,P06T05,323,Algorithm,Chest
2637,P06T05,323,Rater1,Chest
2638,P06T05,323,Rater2,Chest
2639,P06T05,323,Rater3,Chest
2640,P06T05,324,Algorithm,Chest
2641,P06T05,324,Rater1,Chest
2642,P06T05,324,Rater2,Chest
2643,P06T05,324,Rater3,Chest
2644,P06T05,325,Algorithm,Chest
2645,P06T05,325,Rater1,Chest
2646,P06T05,325,Rater2,Chest
2647,P06T05,325,Rater3,Chest
2648,P06T05,326,Algorithm,Chest
2649,P06T05,326,Rater1,Chest
2650,P06T05,326,Rater2,Chest
2651,P06T05,326,Rater3,Chest
2652,P06T05,327,Algorithm,Chest
2653,P06T05,327,Rater1,Chest
2654,P06T05,327,Rater2,Chest
2655,P06T05,327,Rater3,Chest
2656,P06T05,328,Algorithm,Chest
2657,P06T05,328,Rater1,Chest
2658,P06T05,328,Rater2,Chest
2659,P06T05,328,Rater3,Chest
2660,P06T05,329,Algorithm,Chest
2661,P06T05,329,Rater1,Chest
2662,P06T05,329,Rater2,Chest
2663,P06T05,329,Rater3,Chest
2664,P06T05,330,Algorithm,Chest
2665,P06T05,330,Rater1,Chest
2666,P06T05,330,Rater2,Chest
2667,P06T05,330,Rater3,Chest
2668,P06T05,331,Algorithm,Chest
2669,P06T05,331,Rater1,Chest
2670,P06T05,331,Rater2,Chest
2671,P06T05,331,Rater3,Chest
2672,P06T05,332,Algorithm,Chest
2673,P06T05,332,Rater1,Chest
2674,P06T05,332,Rater2,Chest
2675,P06T05,332,Rater3,Chest
2676,P06T05,333,Algorithm,Chest
2677,P06T05,333,Rater1,Chest
2678,P06T05,333,Rater2,Chest
2679,P06T05,333,Rater3,Chest
2680,P06T05,334,Algorithm,Chest
2681,P06T05,334,Rater1,Chest
2682,P06T05,334,Rater2,Chest
2683,P06T05,334,Rater3,Chest
2684,P06T05,335,Algorithm,Chest
2685,P06T05,335,Rater1,Chest
2686,P06T05,335,Rater2,Chest
2687,P06T05,335,Rater3,Chest
2688,P06T05,336,Algorithm,Chest
2689,P06T05,336,Rater1,Chest
2690,P06T05,336,Rater2,Chest
2691,P06T05,336,Rater3,Chest
2692,P06T05,337,Algorithm,Chest
2693,P06T05,337,Rater1,Chest
2694,P06T05,337,Rater2,Chest
2695,P06T05,337,Rater3,Chest
2696,P06T05,338,Algorithm,Chest
2697,P06T05,338,Rater1,Chest
2698,P06T05,338,Rater2,Chest
2699,P06T05,338,Rater3,Chest
2700,P06T05,339,Algorithm,Chest
2701,P06T05,339,Rater1,Chest
2702,P06T05,339,Rater2,Chest
2703,P06T05,339,Rater3,Chest
2704,P06T05,340,Algorithm,Chest
2705,P06T05,340,Rater1,Chest
2706,P06T05,340,Rater2,Chest
2707,P06T05,340,Rater3,Chest
2708,P06T09,240,Algorithm,Left arm
2709,P06T09,240,Rater1,Chest
2710,P06T09,240,Rater2,Chest
2711,P06T09,240,Rater3,Chest
2712,P06T09,241,Algorithm,Chest
2713,P06T09,241,Rater1,Chest
2714,P06T09,241,Rater2,Chest
2715,P06T09,241,Rater3,Chest
2716,P06T09,242,Algorithm,Left arm
2717,P06T09,242,Rater1,Chest
2718,P06T09,242,Rater2,Chest
2719,P06T09,242,Rater3,Chest
2720,P06T09,243,Algorithm,Chest
2721,P06T09,243,Rater1,Chest
2722,P06T09,243,Rater2,Chest
2723,P06T09,243,Rater3,Chest
2724,P06T09,244,Algorithm,Left arm
2725,P06T09,244,Rater1,Chest
2726,P06T09,244,Rater2,Chest
2727,P06T09,244,Rater3,Chest
2728,P06T09,245,Algorithm,Left arm
2729,P06T09,245,Rater1,Chest
2730,P06T09,245,Rater2,Chest
2731,P06T09,245,Rater3,Chest
2732,P06T09,246,Algorithm,Left arm
2733,P06T09,246,Rater1,Chest
2734,P06T09,246,Rater2,Chest
2735,P06T09,246,Rater3,Chest
2736,P06T09,247,Algorithm,Left arm
2737,P06T09,247,Rater1,Chest
2738,P06T09,247,Rater2,Chest
2739,P06T09,247,Rater3,Chest
2740,P06T09,248,Algorithm,Left arm
2741,P06T09,248,Rater1,Chest
2742,P06T09,248,Rater2,Chest
2743,P06T09,248,Rater3,Chest
2744,P06T09,249,Algorithm,Left arm
2745,P06T09,249,Rater1,Chest
2746,P06T09,249,Rater2,Chest
2747,P06T09,249,Rater3,Chest
2748,P06T09,250,Algorithm,Left arm
2749,P06T09,250,Rater1,Chest
2750,P06T09,250,Rater2,Chest
2751,P06T09,250,Rater3,Chest
2752,P06T09,251,Algorithm,Left arm
2753,P06T09,251,Rater1,Chest
2754,P06T09,251,Rater2,Chest
2755,P06T09,251,Rater3,Chest
2756,P06T09,252,Algorithm,Left arm
2757,P06T09,252,Rater1,Chest
2758,P06T09,252,Rater2,Chest
2759,P06T09,252,Rater3,Chest
2760,P06T09,253,Algorithm,Left arm
2761,P06T09,253,Rater1,Chest
2762,P06T09,253,Rater2,Chest
2763,P06T09,253,Rater3,Chest
2764,P06T09,254,Algorithm,Left arm
2765,P06T09,254,Rater1,Chest
2766,P06T09,254,Rater2,Chest
2767,P06T09,254,Rater3,Chest
