CurrentIndex,Frame,Label,Rater,Trial
0.0,175,Head,Rater2,P01T04
1.0,176,Head,Rater2,P01T04
2.0,177,Head,Rater2,P01T04
3.0,178,Head,Rater2,P01T04
2.0,177,Head,Rater2,P01T04
1.0,176,Head,Rater2,P01T04
0.0,175,Head,Rater2,P01T04
1.0,176,Head,Rater2,P01T04
2.0,177,Head,Rater2,P01T04
3.0,178,Head,Rater2,P01T04
4.0,179,Head,Rater2,P01T04
5.0,180,Head,Rater2,P01T04
6.0,181,Head,Rater2,P01T04
5.0,180,Head,Rater2,P01T04
4.0,179,Head,Rater2,P01T04
3.0,178,Head,Rater2,P01T04
2.0,177,Head,Rater2,P01T04
1.0,176,Head,Rater2,P01T04
0.0,175,Head,Rater2,P01T04
1.0,176,Chest,Rater2,P01T04
2.0,177,Chest,Rater2,P01T04
3.0,178,Chest,Rater2,P01T04
4.0,179,Chest,Rater2,P01T04
5.0,180,Head,Rater2,P01T04
6.0,181,Head,Rater2,P01T04
7.0,182,Head,Rater2,P01T04
8.0,183,Head,Rater2,P01T04
9.0,184,Head,Rater2,P01T04
10.0,185,Head,Rater2,P01T04
11.0,186,Head,Rater2,P01T04
12.0,187,Head,Rater2,P01T04
13.0,188,Head,Rater2,P01T04
14.0,189,Head,Rater2,P01T04
15.0,190,Head,Rater2,P01T04
16.0,191,Head,Rater2,P01T04
17.0,192,Head,Rater2,P01T04
18.0,193,Chest,Rater2,P01T04
19.0,194,Chest,Rater2,P01T04
20.0,195,Chest,Rater2,P01T04
21.0,196,Chest,Rater2,P01T04
22.0,197,Chest,Rater2,P01T04
23.0,198,Chest,Rater2,P01T04
24.0,199,Chest,Rater2,P01T04
25.0,200,Chest,Rater2,P01T04
26.0,201,Chest,Rater2,P01T04
27.0,202,Chest,Rater2,P01T04
28.0,203,Chest,Rater2,P01T04
29.0,204,Chest,Rater2,P01T04
30.0,205,Chest,Rater2,P01T04
31.0,206,Chest,Rater2,P01T04
32.0,207,Chest,Rater2,P01T04
33.0,208,Chest,Rater2,P01T04
34.0,209,Chest,Rater2,P01T04
35.0,210,Chest,Rater2,P01T04
36.0,211,Chest,Rater2,P01T04
37.0,212,Chest,Rater2,P01T04
38.0,213,Chest,Rater2,P01T04
39.0,214,Chest,Rater2,P01T04
40.0,215,Chest,Rater2,P01T04
41.0,216,Chest,Rater2,P01T04
42.0,217,Other,Rater2,P01T04
43.0,218,Chest,Rater2,P01T04
44.0,219,Chest,Rater2,P01T04
45.0,220,Chest,Rater2,P01T04
46.0,221,Chest,Rater2,P01T04
47.0,222,Chest,Rater2,P01T04
48.0,223,Chest,Rater2,P01T04
49.0,224,Chest,Rater2,P01T04
50.0,225,Chest,Rater2,P01T04
51.0,226,Chest,Rater2,P01T04
52.0,227,Chest,Rater2,P01T04
53.0,228,Chest,Rater2,P01T04
54.0,229,Chest,Rater2,P01T04
55.0,230,Chest,Rater2,P01T04
56.0,231,Chest,Rater2,P01T04
57.0,232,Chest,Rater2,P01T04
58.0,233,Chest,Rater2,P01T04
59.0,234,Chest,Rater2,P01T04
60.0,235,Chest,Rater2,P01T04
61.0,236,Chest,Rater2,P01T04
62.0,237,Chest,Rater2,P01T04
63.0,238,Chest,Rater2,P01T04
64.0,239,Chest,Rater2,P01T04
65.0,240,Chest,Rater2,P01T04
66.0,147,Chest,Rater2,P01T16
67.0,148,Chest,Rater2,P01T16
68.0,149,Chest,Rater2,P01T16
69.0,150,Chest,Rater2,P01T16
70.0,151,Other,Rater2,P01T16
71.0,152,Other,Rater2,P01T16
72.0,153,Other,Rater2,P01T16
73.0,154,Other,Rater2,P01T16
74.0,155,Other,Rater2,P01T16
75.0,156,Other,Rater2,P01T16
76.0,157,Other,Rater2,P01T16
77.0,158,Chest,Rater2,P01T16
78.0,159,Chest,Rater2,P01T16
79.0,160,Chest,Rater2,P01T16
80.0,161,Chest,Rater2,P01T16
81.0,162,Chest,Rater2,P01T16
82.0,163,Chest,Rater2,P01T16
83.0,164,Chest,Rater2,P01T16
84.0,165,Chest,Rater2,P01T16
85.0,166,Chest,Rater2,P01T16
86.0,167,Chest,Rater2,P01T16
87.0,168,Chest,Rater2,P01T16
88.0,169,Chest,Rater2,P01T16
89.0,170,Chest,Rater2,P01T16
90.0,171,Chest,Rater2,P01T16
91.0,172,Chest,Rater2,P01T16
92.0,173,Chest,Rater2,P01T16
93.0,174,Chest,Rater2,P01T16
94.0,175,Other,Rater2,P01T16
95.0,176,Other,Rater2,P01T16
96.0,177,Other,Rater2,P01T16
97.0,178,Right arm,Rater2,P01T16
98.0,179,Right arm,Rater2,P01T16
99.0,180,Right arm,Rater2,P01T16
100.0,181,Right arm,Rater2,P01T16
101.0,182,Right arm,Rater2,P01T16
100.0,181,Chest,Rater2,P01T16
101.0,182,Chest,Rater2,P01T16
102.0,183,Chest,Rater2,P01T16
103.0,184,Chest,Rater2,P01T16
104.0,185,Chest,Rater2,P01T16
105.0,186,Chest,Rater2,P01T16
106.0,187,Chest,Rater2,P01T16
107.0,188,Chest,Rater2,P01T16
108.0,189,Chest,Rater2,P01T16
109.0,190,Chest,Rater2,P01T16
110.0,191,Chest,Rater2,P01T16
111.0,192,Chest,Rater2,P01T16
112.0,193,Chest,Rater2,P01T16
113.0,194,Chest,Rater2,P01T16
114.0,195,Chest,Rater2,P01T16
115.0,196,Chest,Rater2,P01T16
116.0,197,Chest,Rater2,P01T16
117.0,113,Head,Rater2,P01T18
118.0,114,Head,Rater2,P01T18
119.0,115,Head,Rater2,P01T18
120.0,116,Head,Rater2,P01T18
121.0,117,Head,Rater2,P01T18
120.0,116,Head,Rater2,P01T18
119.0,115,Head,Rater2,P01T18
118.0,114,Head,Rater2,P01T18
117.0,113,Head,Rater2,P01T18
118.0,114,Head,Rater2,P01T18
119.0,115,Head,Rater2,P01T18
120.0,116,Head,Rater2,P01T18
121.0,117,Head,Rater2,P01T18
122.0,118,Head,Rater2,P01T18
123.0,119,Head,Rater2,P01T18
124.0,120,Chest,Rater2,P01T18
125.0,121,Chest,Rater2,P01T18
126.0,122,Chest,Rater2,P01T18
127.0,123,Chest,Rater2,P01T18
128.0,124,Chest,Rater2,P01T18
129.0,125,Chest,Rater2,P01T18
130.0,126,Chest,Rater2,P01T18
131.0,127,Chest,Rater2,P01T18
132.0,128,Chest,Rater2,P01T18
133.0,129,Chest,Rater2,P01T18
134.0,130,Chest,Rater2,P01T18
135.0,131,Chest,Rater2,P01T18
136.0,132,Chest,Rater2,P01T18
137.0,133,Chest,Rater2,P01T18
138.0,134,Chest,Rater2,P01T18
139.0,135,Chest,Rater2,P01T18
140.0,136,Chest,Rater2,P01T18
141.0,137,Chest,Rater2,P01T18
142.0,138,Chest,Rater2,P01T18
143.0,139,Chest,Rater2,P01T18
144.0,140,Chest,Rater2,P01T18
145.0,141,Chest,Rater2,P01T18
146.0,142,Chest,Rater2,P01T18
147.0,143,Chest,Rater2,P01T18
148.0,144,Chest,Rater2,P01T18
149.0,145,Other,Rater2,P01T18
150.0,146,Chest,Rater2,P01T18
151.0,147,Chest,Rater2,P01T18
152.0,148,Chest,Rater2,P01T18
153.0,149,Chest,Rater2,P01T18
154.0,150,Chest,Rater2,P01T18
155.0,151,Other,Rater2,P01T18
156.0,152,Other,Rater2,P01T18
157.0,153,Other,Rater2,P01T18
158.0,154,Other,Rater2,P01T18
159.0,155,Other,Rater2,P01T18
160.0,156,Other,Rater2,P01T18
161.0,157,Other,Rater2,P01T18
162.0,158,Chest,Rater2,P01T18
163.0,159,Chest,Rater2,P01T18
164.0,160,Chest,Rater2,P01T18
165.0,161,Chest,Rater2,P01T18
166.0,162,Chest,Rater2,P01T18
167.0,163,Chest,Rater2,P01T18
168.0,164,Chest,Rater2,P01T18
169.0,165,Chest,Rater2,P01T18
170.0,166,Chest,Rater2,P01T18
171.0,167,Chest,Rater2,P01T18
172.0,167,Head,Rater2,P02T03
173.0,168,Head,Rater2,P02T03
174.0,169,Head,Rater2,P02T03
175.0,170,Head,Rater2,P02T03
176.0,171,Head,Rater2,P02T03
177.0,172,Head,Rater2,P02T03
178.0,173,Head,Rater2,P02T03
179.0,174,Head,Rater2,P02T03
180.0,175,Head,Rater2,P02T03
181.0,176,Head,Rater2,P02T03
182.0,177,Head,Rater2,P02T03
183.0,178,Head,Rater2,P02T03
184.0,179,Head,Rater2,P02T03
185.0,180,Head,Rater2,P02T03
186.0,181,Head,Rater2,P02T03
187.0,182,Head,Rater2,P02T03
188.0,183,Head,Rater2,P02T03
189.0,184,Head,Rater2,P02T03
188.0,183,Head,Rater2,P02T03
187.0,182,Head,Rater2,P02T03
186.0,181,Head,Rater2,P02T03
185.0,180,Head,Rater2,P02T03
184.0,179,Head,Rater2,P02T03
185.0,180,Head,Rater2,P02T03
186.0,181,Head,Rater2,P02T03
187.0,182,Head,Rater2,P02T03
188.0,183,Head,Rater2,P02T03
189.0,184,Chest,Rater2,P02T03
190.0,185,Chest,Rater2,P02T03
191.0,186,Chest,Rater2,P02T03
192.0,187,Chest,Rater2,P02T03
193.0,188,Chest,Rater2,P02T03
194.0,189,Chest,Rater2,P02T03
195.0,190,Chest,Rater2,P02T03
196.0,191,Chest,Rater2,P02T03
197.0,192,Chest,Rater2,P02T03
198.0,193,Chest,Rater2,P02T03
199.0,194,Chest,Rater2,P02T03
200.0,195,Chest,Rater2,P02T03
201.0,196,Chest,Rater2,P02T03
202.0,197,Chest,Rater2,P02T03
203.0,198,Chest,Rater2,P02T03
204.0,199,Chest,Rater2,P02T03
205.0,200,Chest,Rater2,P02T03
206.0,201,Chest,Rater2,P02T03
207.0,202,Chest,Rater2,P02T03
208.0,203,Chest,Rater2,P02T03
209.0,204,Chest,Rater2,P02T03
210.0,205,Chest,Rater2,P02T03
211.0,206,Chest,Rater2,P02T03
212.0,207,Chest,Rater2,P02T03
211.0,206,Chest,Rater2,P02T03
210.0,205,Chest,Rater2,P02T03
209.0,204,Chest,Rater2,P02T03
208.0,203,Chest,Rater2,P02T03
207.0,202,Chest,Rater2,P02T03
206.0,201,Chest,Rater2,P02T03
205.0,200,Chest,Rater2,P02T03
204.0,199,Chest,Rater2,P02T03
203.0,198,Chest,Rater2,P02T03
202.0,197,Chest,Rater2,P02T03
201.0,196,Chest,Rater2,P02T03
200.0,195,Chest,Rater2,P02T03
199.0,194,Chest,Rater2,P02T03
198.0,193,Chest,Rater2,P02T03
197.0,192,Chest,Rater2,P02T03
196.0,191,Chest,Rater2,P02T03
195.0,190,Chest,Rater2,P02T03
194.0,189,Chest,Rater2,P02T03
193.0,188,Chest,Rater2,P02T03
192.0,187,Chest,Rater2,P02T03
191.0,186,Chest,Rater2,P02T03
190.0,185,Chest,Rater2,P02T03
189.0,184,Chest,Rater2,P02T03
188.0,183,Chest,Rater2,P02T03
187.0,182,Chest,Rater2,P02T03
186.0,181,Head,Rater2,P02T03
187.0,182,Head,Rater2,P02T03
188.0,183,Head,Rater2,P02T03
189.0,184,Head,Rater2,P02T03
190.0,185,Head,Rater2,P02T03
191.0,186,Head,Rater2,P02T03
192.0,187,Head,Rater2,P02T03
193.0,188,Head,Rater2,P02T03
194.0,189,Head,Rater2,P02T03
195.0,190,Head,Rater2,P02T03
196.0,191,Head,Rater2,P02T03
197.0,192,Head,Rater2,P02T03
198.0,193,Head,Rater2,P02T03
199.0,194,Head,Rater2,P02T03
200.0,195,Head,Rater2,P02T03
201.0,196,Head,Rater2,P02T03
202.0,197,Head,Rater2,P02T03
203.0,198,Head,Rater2,P02T03
204.0,199,Head,Rater2,P02T03
205.0,200,Head,Rater2,P02T03
206.0,201,Head,Rater2,P02T03
207.0,202,Head,Rater2,P02T03
208.0,203,Head,Rater2,P02T03
209.0,204,Head,Rater2,P02T03
210.0,205,Head,Rater2,P02T03
211.0,206,Head,Rater2,P02T03
212.0,207,Head,Rater2,P02T03
213.0,208,Head,Rater2,P02T03
214.0,209,Head,Rater2,P02T03
215.0,210,Head,Rater2,P02T03
216.0,211,Head,Rater2,P02T03
217.0,212,Head,Rater2,P02T03
218.0,213,Head,Rater2,P02T03
219.0,214,Head,Rater2,P02T03
220.0,215,Head,Rater2,P02T03
221.0,216,Head,Rater2,P02T03
222.0,217,Head,Rater2,P02T03
223.0,218,Head,Rater2,P02T03
224.0,219,Head,Rater2,P02T03
225.0,220,Other,Rater2,P02T03
226.0,221,Head,Rater2,P02T03
227.0,222,Head,Rater2,P02T03
228.0,223,Head,Rater2,P02T03
229.0,224,Head,Rater2,P02T03
230.0,225,Head,Rater2,P02T03
231.0,226,Head,Rater2,P02T03
232.0,227,Head,Rater2,P02T03
233.0,228,Head,Rater2,P02T03
234.0,229,Head,Rater2,P02T03
235.0,230,Head,Rater2,P02T03
236.0,231,Head,Rater2,P02T03
237.0,159,Head,Rater2,P02T09
236.0,231,Head,Rater2,P02T03
237.0,159,Head,Rater2,P02T09
238.0,160,Head,Rater2,P02T09
239.0,161,Head,Rater2,P02T09
240.0,162,Head,Rater2,P02T09
241.0,163,Head,Rater2,P02T09
242.0,164,Head,Rater2,P02T09
243.0,165,Head,Rater2,P02T09
244.0,166,Head,Rater2,P02T09
245.0,167,Head,Rater2,P02T09
246.0,168,Head,Rater2,P02T09
247.0,169,Head,Rater2,P02T09
248.0,170,Head,Rater2,P02T09
249.0,171,Head,Rater2,P02T09
250.0,172,Head,Rater2,P02T09
251.0,173,Head,Rater2,P02T09
252.0,174,Head,Rater2,P02T09
253.0,175,Head,Rater2,P02T09
254.0,176,Head,Rater2,P02T09
255.0,177,Head,Rater2,P02T09
256.0,178,Head,Rater2,P02T09
257.0,179,Head,Rater2,P02T09
258.0,180,Head,Rater2,P02T09
259.0,181,Head,Rater2,P02T09
260.0,182,Head,Rater2,P02T09
261.0,183,Head,Rater2,P02T09
262.0,184,Head,Rater2,P02T09
263.0,185,Head,Rater2,P02T09
264.0,186,Head,Rater2,P02T09
265.0,187,Head,Rater2,P02T09
266.0,188,Head,Rater2,P02T09
267.0,189,Head,Rater2,P02T09
268.0,190,Head,Rater2,P02T09
269.0,191,Head,Rater2,P02T09
270.0,192,Head,Rater2,P02T09
271.0,193,Head,Rater2,P02T09
272.0,194,Head,Rater2,P02T09
273.0,195,Head,Rater2,P02T09
274.0,196,Other,Rater2,P02T09
275.0,197,Other,Rater2,P02T09
276.0,198,Other,Rater2,P02T09
277.0,199,Other,Rater2,P02T09
278.0,200,Other,Rater2,P02T09
279.0,201,Other,Rater2,P02T09
280.0,202,Other,Rater2,P02T09
281.0,203,Head,Rater2,P02T09
282.0,204,Head,Rater2,P02T09
283.0,205,Head,Rater2,P02T09
284.0,206,Head,Rater2,P02T09
285.0,207,Head,Rater2,P02T09
286.0,208,Chest,Rater2,P02T09
287.0,209,Chest,Rater2,P02T09
288.0,210,Chest,Rater2,P02T09
289.0,211,Chest,Rater2,P02T09
290.0,212,Chest,Rater2,P02T09
291.0,213,Chest,Rater2,P02T09
292.0,214,Chest,Rater2,P02T09
293.0,215,Chest,Rater2,P02T09
294.0,216,Chest,Rater2,P02T09
295.0,217,Chest,Rater2,P02T09
296.0,218,Chest,Rater2,P02T09
297.0,219,Chest,Rater2,P02T09
298.0,220,Chest,Rater2,P02T09
299.0,221,Chest,Rater2,P02T09
300.0,222,Chest,Rater2,P02T09
301.0,223,Chest,Rater2,P02T09
302.0,224,Chest,Rater2,P02T09
303.0,225,Chest,Rater2,P02T09
304.0,226,Chest,Rater2,P02T09
305.0,227,Head,Rater2,P02T09
306.0,228,Head,Rater2,P02T09
307.0,229,Head,Rater2,P02T09
308.0,230,Head,Rater2,P02T09
307.0,229,Head,Rater2,P02T09
306.0,228,Head,Rater2,P02T09
305.0,227,Chest,Rater2,P02T09
306.0,228,Chest,Rater2,P02T09
307.0,229,Chest,Rater2,P02T09
308.0,230,Chest,Rater2,P02T09
309.0,231,Chest,Rater2,P02T09
310.0,232,Chest,Rater2,P02T09
311.0,233,Left arm,Rater2,P02T09
312.0,234,Chest,Rater2,P02T09
313.0,235,Chest,Rater2,P02T09
314.0,236,Chest,Rater2,P02T09
315.0,237,Chest,Rater2,P02T09
316.0,238,Chest,Rater2,P02T09
317.0,239,Left arm,Rater2,P02T09
318.0,240,Left arm,Rater2,P02T09
319.0,241,Left arm,Rater2,P02T09
320.0,242,Left arm,Rater2,P02T09
321.0,243,Left arm,Rater2,P02T09
322.0,244,Left arm,Rater2,P02T09
323.0,245,Chest,Rater2,P02T09
324.0,246,Chest,Rater2,P02T09
325.0,247,Chest,Rater2,P02T09
326.0,248,Chest,Rater2,P02T09
327.0,249,Chest,Rater2,P02T09
328.0,250,Chest,Rater2,P02T09
329.0,251,Chest,Rater2,P02T09
330.0,252,Chest,Rater2,P02T09
331.0,253,Chest,Rater2,P02T09
332.0,254,Chest,Rater2,P02T09
333.0,255,Chest,Rater2,P02T09
334.0,256,Head,Rater2,P02T09
335.0,257,Head,Rater2,P02T09
336.0,258,Head,Rater2,P02T09
335.0,257,Other,Rater2,P02T09
336.0,258,Head,Rater2,P02T09
337.0,259,Head,Rater2,P02T09
338.0,260,Other,Rater2,P02T09
339.0,261,Other,Rater2,P02T09
340.0,262,Other,Rater2,P02T09
341.0,263,Other,Rater2,P02T09
342.0,264,Other,Rater2,P02T09
343.0,265,Other,Rater2,P02T09
344.0,260,Head,Rater2,P03T12
345.0,261,Head,Rater2,P03T12
346.0,262,Head,Rater2,P03T12
347.0,263,Head,Rater2,P03T12
348.0,264,Head,Rater2,P03T12
349.0,265,Head,Rater2,P03T12
350.0,266,Head,Rater2,P03T12
351.0,267,Head,Rater2,P03T12
352.0,268,Head,Rater2,P03T12
353.0,269,Head,Rater2,P03T12
354.0,270,Head,Rater2,P03T12
355.0,271,Head,Rater2,P03T12
356.0,272,Head,Rater2,P03T12
357.0,273,Head,Rater2,P03T12
358.0,274,Head,Rater2,P03T12
359.0,275,Left arm,Rater2,P03T12
360.0,276,Left arm,Rater2,P03T12
361.0,277,Left arm,Rater2,P03T12
362.0,278,Left arm,Rater2,P03T12
363.0,279,Left arm,Rater2,P03T12
364.0,280,Left arm,Rater2,P03T12
365.0,281,Left arm,Rater2,P03T12
366.0,282,Left arm,Rater2,P03T12
367.0,283,Other,Rater2,P03T12
368.0,284,Other,Rater2,P03T12
369.0,285,Other,Rater2,P03T12
370.0,286,Other,Rater2,P03T12
371.0,287,Head,Rater2,P03T12
372.0,288,Head,Rater2,P03T12
373.0,289,Head,Rater2,P03T12
374.0,290,Head,Rater2,P03T12
375.0,291,Head,Rater2,P03T12
376.0,292,Head,Rater2,P03T12
377.0,293,Head,Rater2,P03T12
378.0,294,Head,Rater2,P03T12
379.0,295,Head,Rater2,P03T12
380.0,296,Head,Rater2,P03T12
381.0,297,Head,Rater2,P03T12
382.0,298,Head,Rater2,P03T12
383.0,299,Head,Rater2,P03T12
384.0,300,Head,Rater2,P03T12
385.0,301,Head,Rater2,P03T12
386.0,302,Head,Rater2,P03T12
387.0,303,Head,Rater2,P03T12
388.0,304,Head,Rater2,P03T12
389.0,305,Head,Rater2,P03T12
390.0,306,Head,Rater2,P03T12
391.0,307,Head,Rater2,P03T12
392.0,308,Head,Rater2,P03T12
393.0,309,Head,Rater2,P03T12
394.0,310,Head,Rater2,P03T12
395.0,311,Head,Rater2,P03T12
396.0,312,Head,Rater2,P03T12
397.0,313,Left arm,Rater2,P03T12
398.0,314,Left arm,Rater2,P03T12
399.0,315,Left arm,Rater2,P03T12
400.0,316,Left arm,Rater2,P03T12
401.0,317,Left arm,Rater2,P03T12
402.0,318,Left arm,Rater2,P03T12
403.0,319,Left arm,Rater2,P03T12
404.0,320,Left arm,Rater2,P03T12
405.0,321,Left arm,Rater2,P03T12
404.0,320,Left arm,Rater2,P03T12
403.0,319,Left arm,Rater2,P03T12
402.0,318,Left arm,Rater2,P03T12
401.0,317,Left arm,Rater2,P03T12
400.0,316,Left arm,Rater2,P03T12
399.0,315,Left arm,Rater2,P03T12
398.0,314,Left arm,Rater2,P03T12
397.0,313,Left arm,Rater2,P03T12
396.0,312,Left arm,Rater2,P03T12
397.0,313,Left arm,Rater2,P03T12
396.0,312,Head,Rater2,P03T12
397.0,313,Chest,Rater2,P03T12
398.0,314,Chest,Rater2,P03T12
399.0,315,Chest,Rater2,P03T12
400.0,316,Chest,Rater2,P03T12
401.0,317,Chest,Rater2,P03T12
402.0,318,Chest,Rater2,P03T12
403.0,319,Chest,Rater2,P03T12
404.0,320,Chest,Rater2,P03T12
405.0,321,Chest,Rater2,P03T12
406.0,322,Chest,Rater2,P03T12
407.0,323,Chest,Rater2,P03T12
408.0,324,Chest,Rater2,P03T12
409.0,325,Chest,Rater2,P03T12
410.0,326,Chest,Rater2,P03T12
411.0,327,Chest,Rater2,P03T12
412.0,328,Chest,Rater2,P03T12
413.0,329,Right arm,Rater2,P03T12
414.0,330,Right arm,Rater2,P03T12
415.0,331,Right arm,Rater2,P03T12
416.0,332,Right arm,Rater2,P03T12
417.0,333,Right arm,Rater2,P03T12
418.0,334,Right arm,Rater2,P03T12
419.0,335,Right arm,Rater2,P03T12
420.0,336,Right arm,Rater2,P03T12
421.0,337,Right arm,Rater2,P03T12
422.0,338,Right arm,Rater2,P03T12
423.0,339,Right arm,Rater2,P03T12
424.0,340,Right arm,Rater2,P03T12
425.0,341,Left arm,Rater2,P03T12
426.0,342,Left arm,Rater2,P03T12
427.0,343,Left arm,Rater2,P03T12
428.0,344,Left arm,Rater2,P03T12
429.0,345,Left arm,Rater2,P03T12
430.0,346,Left arm,Rater2,P03T12
431.0,347,Left arm,Rater2,P03T12
432.0,348,Left arm,Rater2,P03T12
433.0,349,Chest,Rater2,P03T12
434.0,350,Chest,Rater2,P03T12
435.0,351,Chest,Rater2,P03T12
436.0,352,Chest,Rater2,P03T12
437.0,353,Chest,Rater2,P03T12
438.0,354,Chest,Rater2,P03T12
439.0,355,Chest,Rater2,P03T12
440.0,356,Chest,Rater2,P03T12
441.0,357,Chest,Rater2,P03T12
442.0,358,Chest,Rater2,P03T12
443.0,359,Chest,Rater2,P03T12
444.0,360,Chest,Rater2,P03T12
445.0,361,Chest,Rater2,P03T12
446.0,362,Chest,Rater2,P03T12
447.0,363,Chest,Rater2,P03T12
448.0,364,Chest,Rater2,P03T12
449.0,365,Chest,Rater2,P03T12
450.0,366,Chest,Rater2,P03T12
451.0,367,Chest,Rater2,P03T12
452.0,368,Chest,Rater2,P03T12
453.0,369,Chest,Rater2,P03T12
454.0,370,Chest,Rater2,P03T12
455.0,371,Chest,Rater2,P03T12
456.0,372,Chest,Rater2,P03T12
457.0,223,Head,Rater2,P03T26
458.0,224,Head,Rater2,P03T26
459.0,225,Head,Rater2,P03T26
460.0,226,Head,Rater2,P03T26
461.0,227,Head,Rater2,P03T26
462.0,228,Head,Rater2,P03T26
463.0,229,Head,Rater2,P03T26
464.0,230,Head,Rater2,P03T26
465.0,231,Head,Rater2,P03T26
466.0,232,Head,Rater2,P03T26
467.0,233,Head,Rater2,P03T26
468.0,234,Head,Rater2,P03T26
469.0,235,Head,Rater2,P03T26
470.0,236,Head,Rater2,P03T26
471.0,237,Head,Rater2,P03T26
472.0,238,Head,Rater2,P03T26
473.0,239,Head,Rater2,P03T26
474.0,240,Head,Rater2,P03T26
475.0,241,Head,Rater2,P03T26
476.0,242,Head,Rater2,P03T26
477.0,243,Head,Rater2,P03T26
478.0,244,Head,Rater2,P03T26
479.0,245,Head,Rater2,P03T26
480.0,246,Head,Rater2,P03T26
481.0,247,Head,Rater2,P03T26
482.0,248,Head,Rater2,P03T26
483.0,249,Head,Rater2,P03T26
484.0,250,Head,Rater2,P03T26
485.0,251,Head,Rater2,P03T26
486.0,252,Head,Rater2,P03T26
487.0,253,Head,Rater2,P03T26
488.0,254,Head,Rater2,P03T26
489.0,255,Head,Rater2,P03T26
490.0,256,Head,Rater2,P03T26
491.0,257,Head,Rater2,P03T26
492.0,258,Head,Rater2,P03T26
493.0,259,Head,Rater2,P03T26
494.0,260,Head,Rater2,P03T26
495.0,261,Head,Rater2,P03T26
496.0,262,Chest,Rater2,P03T26
497.0,263,Chest,Rater2,P03T26
498.0,264,Chest,Rater2,P03T26
499.0,265,Chest,Rater2,P03T26
500.0,266,Chest,Rater2,P03T26
501.0,267,Chest,Rater2,P03T26
502.0,268,Chest,Rater2,P03T26
503.0,269,Chest,Rater2,P03T26
504.0,270,Chest,Rater2,P03T26
505.0,271,Chest,Rater2,P03T26
506.0,272,Chest,Rater2,P03T26
507.0,273,Chest,Rater2,P03T26
508.0,274,Chest,Rater2,P03T26
509.0,275,Chest,Rater2,P03T26
510.0,276,Chest,Rater2,P03T26
511.0,277,Chest,Rater2,P03T26
512.0,278,Chest,Rater2,P03T26
513.0,279,Chest,Rater2,P03T26
514.0,280,Chest,Rater2,P03T26
515.0,281,Chest,Rater2,P03T26
516.0,282,Chest,Rater2,P03T26
517.0,283,Chest,Rater2,P03T26
518.0,284,Chest,Rater2,P03T26
519.0,285,Chest,Rater2,P03T26
520.0,286,Chest,Rater2,P03T26
521.0,287,Chest,Rater2,P03T26
522.0,288,Chest,Rater2,P03T26
523.0,289,Chest,Rater2,P03T26
524.0,290,Chest,Rater2,P03T26
525.0,291,Chest,Rater2,P03T26
526.0,292,Chest,Rater2,P03T26
527.0,293,Chest,Rater2,P03T26
528.0,294,Chest,Rater2,P03T26
529.0,295,Chest,Rater2,P03T26
530.0,296,Chest,Rater2,P03T26
531.0,297,Chest,Rater2,P03T26
532.0,298,Chest,Rater2,P03T26
533.0,299,Chest,Rater2,P03T26
534.0,300,Chest,Rater2,P03T26
535.0,301,Chest,Rater2,P03T26
536.0,302,Chest,Rater2,P03T26
537.0,303,Chest,Rater2,P03T26
538.0,304,Chest,Rater2,P03T26
539.0,305,Chest,Rater2,P03T26
540.0,306,Chest,Rater2,P03T26
541.0,307,Chest,Rater2,P03T26
542.0,308,Chest,Rater2,P03T26
543.0,309,Chest,Rater2,P03T26
544.0,310,Chest,Rater2,P03T26
545.0,311,Chest,Rater2,P03T26
546.0,312,Chest,Rater2,P03T26
547.0,313,Chest,Rater2,P03T26
548.0,314,Chest,Rater2,P03T26
549.0,315,Chest,Rater2,P03T26
550.0,316,Chest,Rater2,P03T26
551.0,317,Chest,Rater2,P03T26
552.0,318,Chest,Rater2,P03T26
553.0,319,Chest,Rater2,P03T26
554.0,320,Chest,Rater2,P03T26
555.0,321,Chest,Rater2,P03T26
556.0,322,Chest,Rater2,P03T26
557.0,323,Other,Rater2,P03T26
558.0,324,Other,Rater2,P03T26
559.0,325,Other,Rater2,P03T26
560.0,326,Other,Rater2,P03T26
561.0,327,Other,Rater2,P03T26
562.0,328,Other,Rater2,P03T26
563.0,329,Other,Rater2,P03T26
564.0,330,Other,Rater2,P03T26
565.0,331,Other,Rater2,P03T26
566.0,332,Other,Rater2,P03T26
567.0,333,Other,Rater2,P03T26
568.0,334,Other,Rater2,P03T26
569.0,335,Other,Rater2,P03T26
570.0,336,Other,Rater2,P03T26
571.0,337,Other,Rater2,P03T26
572.0,338,Other,Rater2,P03T26
573.0,339,Other,Rater2,P03T26
574.0,340,Other,Rater2,P03T26
575.0,341,Other,Rater2,P03T26
576.0,342,Other,Rater2,P03T26
577.0,343,Other,Rater2,P03T26
578.0,344,Other,Rater2,P03T26
579.0,345,Other,Rater2,P03T26
580.0,346,Other,Rater2,P03T26
581.0,347,Other,Rater2,P03T26
582.0,348,Other,Rater2,P03T26
583.0,349,Other,Rater2,P03T26
584.0,350,Other,Rater2,P03T26
585.0,351,Other,Rater2,P03T26
586.0,352,Other,Rater2,P03T26
587.0,353,Other,Rater2,P03T26
588.0,354,Other,Rater2,P03T26
589.0,355,Other,Rater2,P03T26
590.0,356,Other,Rater2,P03T26
591.0,357,Other,Rater2,P03T26
592.0,358,Other,Rater2,P03T26
593.0,359,Other,Rater2,P03T26
594.0,360,Other,Rater2,P03T26
595.0,361,Other,Rater2,P03T26
596.0,362,Other,Rater2,P03T26
597.0,363,Other,Rater2,P03T26
598.0,364,Other,Rater2,P03T26
599.0,365,Other,Rater2,P03T26
600.0,366,Other,Rater2,P03T26
601.0,367,Other,Rater2,P03T26
602.0,368,Other,Rater2,P03T26
603.0,369,Other,Rater2,P03T26
604.0,370,Left arm,Rater2,P03T26
605.0,371,Left arm,Rater2,P03T26
606.0,372,Left arm,Rater2,P03T26
607.0,373,Other,Rater2,P03T26
608.0,374,Other,Rater2,P03T26
609.0,375,Head,Rater2,P03T26
610.0,376,Other,Rater2,P03T26
611.0,377,Other,Rater2,P03T26
612.0,378,Other,Rater2,P03T26
613.0,379,Other,Rater2,P03T26
614.0,380,Other,Rater2,P03T26
615.0,381,Other,Rater2,P03T26
616.0,382,Other,Rater2,P03T26
617.0,383,Other,Rater2,P03T26
618.0,384,Other,Rater2,P03T26
619.0,385,Other,Rater2,P03T26
620.0,386,Other,Rater2,P03T26
621.0,387,Other,Rater2,P03T26
622.0,388,Other,Rater2,P03T26
623.0,389,Pelvis,Rater2,P03T26
624.0,390,Other,Rater2,P03T26
625.0,391,Other,Rater2,P03T26
626.0,392,Other,Rater2,P03T26
627.0,393,Other,Rater2,P03T26
628.0,394,Other,Rater2,P03T26
629.0,395,Other,Rater2,P03T26
630.0,396,Other,Rater2,P03T26
631.0,397,Other,Rater2,P03T26
632.0,202,Chest,Rater2,P04T05
633.0,203,Chest,Rater2,P04T05
634.0,204,Chest,Rater2,P04T05
635.0,205,Chest,Rater2,P04T05
636.0,206,Chest,Rater2,P04T05
637.0,207,Chest,Rater2,P04T05
638.0,208,Chest,Rater2,P04T05
639.0,209,Chest,Rater2,P04T05
640.0,210,Chest,Rater2,P04T05
641.0,211,Chest,Rater2,P04T05
642.0,212,Chest,Rater2,P04T05
643.0,213,Chest,Rater2,P04T05
644.0,214,Chest,Rater2,P04T05
645.0,215,Chest,Rater2,P04T05
646.0,216,Chest,Rater2,P04T05
647.0,217,Chest,Rater2,P04T05
648.0,218,Chest,Rater2,P04T05
649.0,219,Chest,Rater2,P04T05
650.0,220,Chest,Rater2,P04T05
651.0,221,Chest,Rater2,P04T05
652.0,222,Chest,Rater2,P04T05
653.0,223,Chest,Rater2,P04T05
654.0,224,Chest,Rater2,P04T05
655.0,225,Chest,Rater2,P04T05
656.0,226,Chest,Rater2,P04T05
657.0,227,Head,Rater2,P04T05
658.0,228,Head,Rater2,P04T05
659.0,229,Head,Rater2,P04T05
660.0,230,Head,Rater2,P04T05
661.0,231,Head,Rater2,P04T05
662.0,232,Head,Rater2,P04T05
663.0,233,Head,Rater2,P04T05
664.0,234,Head,Rater2,P04T05
665.0,235,Head,Rater2,P04T05
666.0,236,Head,Rater2,P04T05
667.0,237,Head,Rater2,P04T05
668.0,238,Head,Rater2,P04T05
669.0,239,Head,Rater2,P04T05
670.0,240,Head,Rater2,P04T05
671.0,241,Head,Rater2,P04T05
672.0,242,Head,Rater2,P04T05
673.0,243,Head,Rater2,P04T05
674.0,244,Head,Rater2,P04T05
675.0,245,Chest,Rater2,P04T05
676.0,246,Chest,Rater2,P04T05
677.0,247,Chest,Rater2,P04T05
678.0,248,Chest,Rater2,P04T05
679.0,249,Head,Rater2,P04T05
680.0,250,Head,Rater2,P04T05
681.0,251,Head,Rater2,P04T05
682.0,252,Head,Rater2,P04T05
683.0,253,Head,Rater2,P04T05
684.0,254,Head,Rater2,P04T05
685.0,255,Head,Rater2,P04T05
686.0,256,Head,Rater2,P04T05
687.0,257,Head,Rater2,P04T05
688.0,258,Head,Rater2,P04T05
689.0,259,Chest,Rater2,P04T05
690.0,260,Chest,Rater2,P04T05
691.0,261,Chest,Rater2,P04T05
692.0,262,Chest,Rater2,P04T05
693.0,263,Chest,Rater2,P04T05
694.0,264,Other,Rater2,P04T05
695.0,265,Other,Rater2,P04T05
696.0,266,Other,Rater2,P04T05
697.0,267,Chest,Rater2,P04T05
698.0,268,Chest,Rater2,P04T05
699.0,269,Chest,Rater2,P04T05
700.0,270,Chest,Rater2,P04T05
701.0,271,Chest,Rater2,P04T05
702.0,272,Chest,Rater2,P04T05
703.0,273,Chest,Rater2,P04T05
704.0,274,Chest,Rater2,P04T05
705.0,275,Chest,Rater2,P04T05
706.0,276,Chest,Rater2,P04T05
707.0,277,Chest,Rater2,P04T05
708.0,278,Chest,Rater2,P04T05
709.0,279,Chest,Rater2,P04T05
710.0,280,Chest,Rater2,P04T05
709.0,279,Chest,Rater2,P04T05
708.0,278,Chest,Rater2,P04T05
707.0,277,Chest,Rater2,P04T05
706.0,276,Chest,Rater2,P04T05
705.0,275,Chest,Rater2,P04T05
704.0,274,Chest,Rater2,P04T05
703.0,273,Chest,Rater2,P04T05
702.0,272,Chest,Rater2,P04T05
701.0,271,Chest,Rater2,P04T05
700.0,270,Chest,Rater2,P04T05
699.0,269,Chest,Rater2,P04T05
698.0,268,Chest,Rater2,P04T05
697.0,267,Chest,Rater2,P04T05
696.0,266,Chest,Rater2,P04T05
695.0,265,Chest,Rater2,P04T05
696.0,266,Chest,Rater2,P04T05
695.0,265,Other,Rater2,P04T05
694.0,264,Other,Rater2,P04T05
695.0,265,Other,Rater2,P04T05
696.0,266,Other,Rater2,P04T05
697.0,267,Left arm,Rater2,P04T05
698.0,268,Left arm,Rater2,P04T05
699.0,269,Left arm,Rater2,P04T05
700.0,270,Left arm,Rater2,P04T05
701.0,271,Left arm,Rater2,P04T05
702.0,272,Left arm,Rater2,P04T05
703.0,273,Left arm,Rater2,P04T05
704.0,274,Left arm,Rater2,P04T05
705.0,275,Chest,Rater2,P04T05
706.0,276,Chest,Rater2,P04T05
707.0,277,Chest,Rater2,P04T05
708.0,278,Chest,Rater2,P04T05
709.0,279,Chest,Rater2,P04T05
710.0,280,Chest,Rater2,P04T05
711.0,281,Chest,Rater2,P04T05
712.0,282,Chest,Rater2,P04T05
713.0,283,Chest,Rater2,P04T05
714.0,284,Chest,Rater2,P04T05
715.0,285,Chest,Rater2,P04T05
716.0,286,Chest,Rater2,P04T05
717.0,287,Chest,Rater2,P04T05
718.0,288,Chest,Rater2,P04T05
719.0,289,Chest,Rater2,P04T05
720.0,290,Chest,Rater2,P04T05
721.0,291,Chest,Rater2,P04T05
722.0,292,Chest,Rater2,P04T05
723.0,293,Chest,Rater2,P04T05
722.0,292,Chest,Rater2,P04T05
721.0,291,Left arm,Rater2,P04T05
722.0,292,Left arm,Rater2,P04T05
723.0,293,Left arm,Rater2,P04T05
724.0,294,Left arm,Rater2,P04T05
725.0,295,Left arm,Rater2,P04T05
726.0,296,Left arm,Rater2,P04T05
727.0,297,Left arm,Rater2,P04T05
728.0,298,Left arm,Rater2,P04T05
729.0,299,Left arm,Rater2,P04T05
730.0,300,Left arm,Rater2,P04T05
731.0,301,Chest,Rater2,P04T05
732.0,302,Chest,Rater2,P04T05
733.0,303,Chest,Rater2,P04T05
734.0,304,Chest,Rater2,P04T05
733.0,303,Chest,Rater2,P04T05
732.0,302,Chest,Rater2,P04T05
731.0,301,Left arm,Rater2,P04T05
730.0,300,Left arm,Rater2,P04T05
731.0,301,Left arm,Rater2,P04T05
732.0,302,Left arm,Rater2,P04T05
733.0,303,Left arm,Rater2,P04T05
734.0,304,Left arm,Rater2,P04T05
735.0,305,Left arm,Rater2,P04T05
736.0,306,Left arm,Rater2,P04T05
737.0,307,Chest,Rater2,P04T05
738.0,308,Chest,Rater2,P04T05
739.0,309,Chest,Rater2,P04T05
740.0,310,Chest,Rater2,P04T05
741.0,311,Chest,Rater2,P04T05
742.0,312,Chest,Rater2,P04T05
743.0,313,Chest,Rater2,P04T05
744.0,314,Chest,Rater2,P04T05
745.0,315,Chest,Rater2,P04T05
746.0,210,Chest,Rater2,P04T16
745.0,315,Chest,Rater2,P04T05
746.0,210,Right leg,Rater2,P04T16
747.0,211,Right leg,Rater2,P04T16
748.0,212,Right leg,Rater2,P04T16
749.0,213,Right leg,Rater2,P04T16
750.0,214,Right leg,Rater2,P04T16
751.0,215,Right leg,Rater2,P04T16
752.0,216,Right leg,Rater2,P04T16
753.0,217,Right leg,Rater2,P04T16
754.0,218,Right leg,Rater2,P04T16
755.0,219,Right leg,Rater2,P04T16
756.0,220,Right leg,Rater2,P04T16
757.0,221,Other,Rater2,P04T16
758.0,222,Other,Rater2,P04T16
759.0,223,Head,Rater2,P04T16
760.0,224,Head,Rater2,P04T16
761.0,225,Head,Rater2,P04T16
762.0,226,Head,Rater2,P04T16
763.0,227,Head,Rater2,P04T16
764.0,228,Head,Rater2,P04T16
765.0,229,Head,Rater2,P04T16
766.0,230,Head,Rater2,P04T16
767.0,231,Head,Rater2,P04T16
768.0,232,Head,Rater2,P04T16
769.0,233,Head,Rater2,P04T16
770.0,234,Head,Rater2,P04T16
771.0,235,Head,Rater2,P04T16
772.0,236,Head,Rater2,P04T16
773.0,237,Head,Rater2,P04T16
774.0,238,Head,Rater2,P04T16
773.0,237,Chest,Rater2,P04T16
774.0,238,Chest,Rater2,P04T16
775.0,239,Chest,Rater2,P04T16
776.0,240,Chest,Rater2,P04T16
777.0,241,Chest,Rater2,P04T16
778.0,242,Chest,Rater2,P04T16
779.0,243,Chest,Rater2,P04T16
780.0,244,Chest,Rater2,P04T16
781.0,245,Chest,Rater2,P04T16
782.0,246,Chest,Rater2,P04T16
783.0,247,Chest,Rater2,P04T16
784.0,248,Chest,Rater2,P04T16
785.0,249,Chest,Rater2,P04T16
786.0,250,Chest,Rater2,P04T16
787.0,251,Chest,Rater2,P04T16
788.0,252,Chest,Rater2,P04T16
789.0,253,Chest,Rater2,P04T16
790.0,254,Chest,Rater2,P04T16
791.0,255,Head,Rater2,P04T16
792.0,256,Head,Rater2,P04T16
793.0,257,Head,Rater2,P04T16
794.0,258,Head,Rater2,P04T16
795.0,259,Head,Rater2,P04T16
794.0,258,Chest,Rater2,P04T16
795.0,259,Chest,Rater2,P04T16
796.0,260,Chest,Rater2,P04T16
797.0,261,Chest,Rater2,P04T16
798.0,262,Head,Rater2,P04T16
799.0,263,Head,Rater2,P04T16
800.0,264,Head,Rater2,P04T16
801.0,265,Head,Rater2,P04T16
802.0,266,Head,Rater2,P04T16
803.0,267,Left arm,Rater2,P04T16
804.0,268,Left arm,Rater2,P04T16
805.0,269,Left arm,Rater2,P04T16
806.0,270,Left arm,Rater2,P04T16
807.0,271,Left arm,Rater2,P04T16
808.0,272,Left arm,Rater2,P04T16
809.0,273,Left arm,Rater2,P04T16
810.0,274,Left arm,Rater2,P04T16
811.0,275,Left arm,Rater2,P04T16
812.0,276,Left arm,Rater2,P04T16
813.0,277,Left arm,Rater2,P04T16
814.0,278,Left arm,Rater2,P04T16
815.0,279,Left arm,Rater2,P04T16
816.0,280,Left arm,Rater2,P04T16
817.0,281,Left arm,Rater2,P04T16
818.0,282,Left arm,Rater2,P04T16
819.0,283,Left arm,Rater2,P04T16
818.0,282,Chest,Rater2,P04T16
819.0,283,Chest,Rater2,P04T16
820.0,284,Chest,Rater2,P04T16
821.0,285,Chest,Rater2,P04T16
822.0,286,Chest,Rater2,P04T16
823.0,287,Chest,Rater2,P04T16
824.0,288,Chest,Rater2,P04T16
825.0,289,Chest,Rater2,P04T16
824.0,288,Chest,Rater2,P04T16
823.0,287,Chest,Rater2,P04T16
822.0,286,Chest,Rater2,P04T16
821.0,285,Chest,Rater2,P04T16
820.0,284,Chest,Rater2,P04T16
819.0,283,Chest,Rater2,P04T16
818.0,282,Chest,Rater2,P04T16
817.0,281,Left arm,Rater2,P04T16
818.0,282,Left arm,Rater2,P04T16
819.0,283,Left arm,Rater2,P04T16
820.0,284,Left arm,Rater2,P04T16
821.0,285,Left arm,Rater2,P04T16
822.0,286,Left arm,Rater2,P04T16
823.0,287,Left arm,Rater2,P04T16
824.0,288,Left arm,Rater2,P04T16
825.0,289,Left arm,Rater2,P04T16
826.0,290,Left arm,Rater2,P04T16
827.0,291,Left arm,Rater2,P04T16
828.0,292,Left arm,Rater2,P04T16
829.0,293,Left arm,Rater2,P04T16
830.0,294,Left arm,Rater2,P04T16
831.0,295,Left arm,Rater2,P04T16
832.0,296,Left arm,Rater2,P04T16
833.0,297,Chest,Rater2,P04T16
834.0,298,Chest,Rater2,P04T16
835.0,299,Chest,Rater2,P04T16
836.0,300,Chest,Rater2,P04T16
837.0,301,Chest,Rater2,P04T16
838.0,302,Left arm,Rater2,P04T16
837.0,301,Left arm,Rater2,P04T16
838.0,302,Left arm,Rater2,P04T16
839.0,303,Left arm,Rater2,P04T16
840.0,304,Left arm,Rater2,P04T16
841.0,305,Left arm,Rater2,P04T16
842.0,306,Left arm,Rater2,P04T16
843.0,307,Left arm,Rater2,P04T16
844.0,308,Left arm,Rater2,P04T16
845.0,309,Left arm,Rater2,P04T16
846.0,310,Left arm,Rater2,P04T16
847.0,311,Left arm,Rater2,P04T16
848.0,312,Left arm,Rater2,P04T16
849.0,313,Left arm,Rater2,P04T16
850.0,314,Left arm,Rater2,P04T16
851.0,315,Left arm,Rater2,P04T16
852.0,316,Left arm,Rater2,P04T16
853.0,317,Left arm,Rater2,P04T16
854.0,318,Left arm,Rater2,P04T16
855.0,319,Left arm,Rater2,P04T16
856.0,320,Left arm,Rater2,P04T16
857.0,321,Left arm,Rater2,P04T16
858.0,322,Left arm,Rater2,P04T16
859.0,323,Left arm,Rater2,P04T16
860.0,324,Left arm,Rater2,P04T16
861.0,325,Left arm,Rater2,P04T16
862.0,326,Left arm,Rater2,P04T16
863.0,327,Left arm,Rater2,P04T16
864.0,328,Left arm,Rater2,P04T16
865.0,329,Left arm,Rater2,P04T16
866.0,330,Left arm,Rater2,P04T16
867.0,331,Left arm,Rater2,P04T16
868.0,332,Left arm,Rater2,P04T16
869.0,333,Left arm,Rater2,P04T16
870.0,334,Left arm,Rater2,P04T16
871.0,335,Chest,Rater2,P04T16
872.0,336,Chest,Rater2,P04T16
873.0,337,Chest,Rater2,P04T16
874.0,338,Chest,Rater2,P04T16
875.0,339,Chest,Rater2,P04T16
876.0,340,Left arm,Rater2,P04T16
877.0,341,Left arm,Rater2,P04T16
878.0,342,Other,Rater2,P04T16
879.0,343,Right arm,Rater2,P04T16
880.0,376,Head,Rater2,P05T16
879.0,343,Head,Rater2,P04T16
880.0,376,Chest,Rater2,P05T16
881.0,377,Chest,Rater2,P05T16
882.0,378,Chest,Rater2,P05T16
883.0,379,Chest,Rater2,P05T16
884.0,380,Chest,Rater2,P05T16
885.0,381,Chest,Rater2,P05T16
886.0,382,Chest,Rater2,P05T16
887.0,383,Chest,Rater2,P05T16
888.0,384,Chest,Rater2,P05T16
889.0,385,Chest,Rater2,P05T16
890.0,386,Chest,Rater2,P05T16
891.0,387,Chest,Rater2,P05T16
892.0,388,Chest,Rater2,P05T16
893.0,389,Chest,Rater2,P05T16
894.0,390,Other,Rater2,P05T16
895.0,391,Other,Rater2,P05T16
896.0,392,Left arm,Rater2,P05T16
897.0,393,Left arm,Rater2,P05T16
898.0,394,Left arm,Rater2,P05T16
899.0,395,Left arm,Rater2,P05T16
900.0,396,Left arm,Rater2,P05T16
901.0,397,Left arm,Rater2,P05T16
902.0,398,Left arm,Rater2,P05T16
903.0,399,Left arm,Rater2,P05T16
904.0,400,Left arm,Rater2,P05T16
905.0,401,Left arm,Rater2,P05T16
906.0,402,Right arm,Rater2,P05T16
907.0,403,Right arm,Rater2,P05T16
908.0,404,Right arm,Rater2,P05T16
909.0,405,Right arm,Rater2,P05T16
910.0,406,Right arm,Rater2,P05T16
911.0,407,Right arm,Rater2,P05T16
912.0,408,Right arm,Rater2,P05T16
913.0,409,Right arm,Rater2,P05T16
914.0,410,Right arm,Rater2,P05T16
915.0,411,Right arm,Rater2,P05T16
916.0,412,Right arm,Rater2,P05T16
917.0,413,Left arm,Rater2,P05T16
918.0,414,Left arm,Rater2,P05T16
919.0,415,Left arm,Rater2,P05T16
920.0,416,Left arm,Rater2,P05T16
921.0,417,Left arm,Rater2,P05T16
922.0,418,Left arm,Rater2,P05T16
923.0,419,Left arm,Rater2,P05T16
924.0,420,Left arm,Rater2,P05T16
925.0,421,Left arm,Rater2,P05T16
926.0,422,Left arm,Rater2,P05T16
927.0,423,Left arm,Rater2,P05T16
928.0,424,Left arm,Rater2,P05T16
929.0,425,Left arm,Rater2,P05T16
930.0,426,Left arm,Rater2,P05T16
931.0,427,Left arm,Rater2,P05T16
932.0,428,Left arm,Rater2,P05T16
933.0,429,Left arm,Rater2,P05T16
934.0,430,Left arm,Rater2,P05T16
935.0,431,Left arm,Rater2,P05T16
936.0,432,Left arm,Rater2,P05T16
937.0,433,Left arm,Rater2,P05T16
938.0,434,Other,Rater2,P05T16
939.0,435,Other,Rater2,P05T16
940.0,436,Chest,Rater2,P05T16
941.0,437,Chest,Rater2,P05T16
942.0,438,Chest,Rater2,P05T16
943.0,439,Chest,Rater2,P05T16
944.0,440,Chest,Rater2,P05T16
945.0,441,Chest,Rater2,P05T16
946.0,442,Left arm,Rater2,P05T16
947.0,443,Left arm,Rater2,P05T16
948.0,444,Left arm,Rater2,P05T16
949.0,445,Left arm,Rater2,P05T16
950.0,446,Left arm,Rater2,P05T16
951.0,447,Left arm,Rater2,P05T16
952.0,448,Left arm,Rater2,P05T16
953.0,449,Left arm,Rater2,P05T16
954.0,450,Other,Rater2,P05T16
955.0,451,Chest,Rater2,P05T16
956.0,452,Chest,Rater2,P05T16
957.0,453,Other,Rater2,P05T16
958.0,327,Chest,Rater2,P05T31
959.0,328,Chest,Rater2,P05T31
960.0,329,Chest,Rater2,P05T31
961.0,330,Chest,Rater2,P05T31
962.0,331,Chest,Rater2,P05T31
963.0,332,Chest,Rater2,P05T31
964.0,333,Chest,Rater2,P05T31
965.0,334,Chest,Rater2,P05T31
966.0,335,Chest,Rater2,P05T31
967.0,336,Chest,Rater2,P05T31
968.0,337,Chest,Rater2,P05T31
969.0,338,Chest,Rater2,P05T31
970.0,339,Other,Rater2,P05T31
971.0,340,Other,Rater2,P05T31
972.0,341,Other,Rater2,P05T31
973.0,342,Head,Rater2,P05T31
974.0,343,Head,Rater2,P05T31
975.0,344,Head,Rater2,P05T31
976.0,345,Head,Rater2,P05T31
977.0,346,Head,Rater2,P05T31
978.0,347,Head,Rater2,P05T31
979.0,348,Head,Rater2,P05T31
978.0,347,Head,Rater2,P05T31
977.0,346,Head,Rater2,P05T31
976.0,345,Head,Rater2,P05T31
975.0,344,Head,Rater2,P05T31
974.0,343,Head,Rater2,P05T31
973.0,342,Head,Rater2,P05T31
972.0,341,Other,Rater2,P05T31
973.0,342,Chest,Rater2,P05T31
974.0,343,Chest,Rater2,P05T31
975.0,344,Chest,Rater2,P05T31
976.0,345,Chest,Rater2,P05T31
977.0,346,Chest,Rater2,P05T31
978.0,347,Chest,Rater2,P05T31
979.0,348,Chest,Rater2,P05T31
980.0,349,Chest,Rater2,P05T31
981.0,350,Chest,Rater2,P05T31
982.0,351,Chest,Rater2,P05T31
983.0,352,Chest,Rater2,P05T31
984.0,353,Chest,Rater2,P05T31
985.0,354,Chest,Rater2,P05T31
986.0,355,Chest,Rater2,P05T31
987.0,356,Chest,Rater2,P05T31
988.0,357,Chest,Rater2,P05T31
989.0,358,Chest,Rater2,P05T31
990.0,359,Chest,Rater2,P05T31
991.0,360,Chest,Rater2,P05T31
992.0,361,Chest,Rater2,P05T31
993.0,362,Chest,Rater2,P05T31
994.0,363,Chest,Rater2,P05T31
995.0,364,Chest,Rater2,P05T31
996.0,365,Chest,Rater2,P05T31
997.0,366,Left arm,Rater2,P05T31
998.0,367,Left arm,Rater2,P05T31
999.0,368,Left arm,Rater2,P05T31
1000.0,369,Left arm,Rater2,P05T31
1001.0,370,Left arm,Rater2,P05T31
1002.0,371,Left arm,Rater2,P05T31
1003.0,372,Left arm,Rater2,P05T31
1004.0,373,Left arm,Rater2,P05T31
1005.0,374,Left arm,Rater2,P05T31
1006.0,375,Left arm,Rater2,P05T31
1007.0,376,Left arm,Rater2,P05T31
1008.0,377,Left arm,Rater2,P05T31
1009.0,378,Left arm,Rater2,P05T31
1010.0,379,Left arm,Rater2,P05T31
1011.0,380,Left arm,Rater2,P05T31
1012.0,381,Left arm,Rater2,P05T31
1013.0,382,Chest,Rater2,P05T31
1012.0,381,Chest,Rater2,P05T31
1013.0,382,Chest,Rater2,P05T31
1014.0,383,Chest,Rater2,P05T31
1015.0,384,Chest,Rater2,P05T31
1016.0,385,Chest,Rater2,P05T31
1017.0,386,Chest,Rater2,P05T31
1018.0,387,Chest,Rater2,P05T31
1019.0,388,Chest,Rater2,P05T31
1020.0,389,Chest,Rater2,P05T31
1021.0,390,Chest,Rater2,P05T31
1022.0,391,Chest,Rater2,P05T31
1023.0,392,Chest,Rater2,P05T31
1024.0,393,Chest,Rater2,P05T31
1025.0,394,Chest,Rater2,P05T31
1026.0,395,Other,Rater2,P05T31
1027.0,396,Other,Rater2,P05T31
1028.0,397,Other,Rater2,P05T31
1029.0,398,Left arm,Rater2,P05T31
1030.0,399,Left arm,Rater2,P05T31
1031.0,400,Left arm,Rater2,P05T31
1032.0,401,Left arm,Rater2,P05T31
1033.0,402,Left arm,Rater2,P05T31
1034.0,403,Other,Rater2,P05T31
1035.0,404,Other,Rater2,P05T31
1036.0,405,Other,Rater2,P05T31
1037.0,406,Other,Rater2,P05T31
1036.0,405,Chest,Rater2,P05T31
1037.0,406,Chest,Rater2,P05T31
1038.0,407,Chest,Rater2,P05T31
1039.0,408,Chest,Rater2,P05T31
1040.0,409,Other,Rater2,P05T31
1041.0,410,Other,Rater2,P05T31
1042.0,411,Chest,Rater2,P05T31
1043.0,412,Chest,Rater2,P05T31
1044.0,413,Chest,Rater2,P05T31
1045.0,414,Chest,Rater2,P05T31
1046.0,415,Chest,Rater2,P05T31
1047.0,416,Chest,Rater2,P05T31
1048.0,417,Chest,Rater2,P05T31
1049.0,418,Chest,Rater2,P05T31
1048.0,417,Chest,Rater2,P05T31
1047.0,416,Chest,Rater2,P05T31
1046.0,415,Chest,Rater2,P05T31
1045.0,414,Chest,Rater2,P05T31
1046.0,415,Chest,Rater2,P05T31
1047.0,416,Other,Rater2,P05T31
1048.0,417,Chest,Rater2,P05T31
1049.0,418,Chest,Rater2,P05T31
1050.0,419,Chest,Rater2,P05T31
1051.0,420,Chest,Rater2,P05T31
1052.0,421,Chest,Rater2,P05T31
1053.0,422,Chest,Rater2,P05T31
1054.0,423,Chest,Rater2,P05T31
1055.0,424,Chest,Rater2,P05T31
1056.0,425,Chest,Rater2,P05T31
1057.0,426,Chest,Rater2,P05T31
1058.0,427,Chest,Rater2,P05T31
1059.0,428,Chest,Rater2,P05T31
1060.0,429,Chest,Rater2,P05T31
1061.0,298,Chest,Rater2,P06T05
1062.0,299,Chest,Rater2,P06T05
1063.0,300,Chest,Rater2,P06T05
1064.0,301,Chest,Rater2,P06T05
1065.0,302,Chest,Rater2,P06T05
1066.0,303,Chest,Rater2,P06T05
1067.0,304,Chest,Rater2,P06T05
1068.0,305,Chest,Rater2,P06T05
1069.0,306,Chest,Rater2,P06T05
1068.0,305,Right arm,Rater2,P06T05
1069.0,306,Right arm,Rater2,P06T05
1070.0,307,Right arm,Rater2,P06T05
1071.0,308,Right arm,Rater2,P06T05
1072.0,309,Right arm,Rater2,P06T05
1073.0,310,Right arm,Rater2,P06T05
1074.0,311,Right arm,Rater2,P06T05
1075.0,312,Right arm,Rater2,P06T05
1076.0,313,Right arm,Rater2,P06T05
1077.0,314,Right arm,Rater2,P06T05
1078.0,315,Right arm,Rater2,P06T05
1079.0,316,Right arm,Rater2,P06T05
1080.0,317,Chest,Rater2,P06T05
1081.0,318,Chest,Rater2,P06T05
1082.0,319,Chest,Rater2,P06T05
1083.0,320,Chest,Rater2,P06T05
1084.0,321,Chest,Rater2,P06T05
1085.0,322,Chest,Rater2,P06T05
1086.0,323,Chest,Rater2,P06T05
1087.0,324,Chest,Rater2,P06T05
1088.0,325,Chest,Rater2,P06T05
1089.0,326,Chest,Rater2,P06T05
1090.0,327,Chest,Rater2,P06T05
1091.0,328,Chest,Rater2,P06T05
1092.0,329,Chest,Rater2,P06T05
1093.0,330,Chest,Rater2,P06T05
1094.0,331,Chest,Rater2,P06T05
1095.0,332,Chest,Rater2,P06T05
1096.0,333,Chest,Rater2,P06T05
1097.0,334,Chest,Rater2,P06T05
1098.0,335,Chest,Rater2,P06T05
1099.0,336,Chest,Rater2,P06T05
1100.0,337,Chest,Rater2,P06T05
1101.0,338,Chest,Rater2,P06T05
1102.0,339,Chest,Rater2,P06T05
1103.0,340,Chest,Rater2,P06T05
1104.0,341,Chest,Rater2,P06T05
1105.0,342,Chest,Rater2,P06T05
1106.0,343,Chest,Rater2,P06T05
1107.0,344,Chest,Rater2,P06T05
1108.0,345,Chest,Rater2,P06T05
1109.0,346,Chest,Rater2,P06T05
1110.0,224,Pelvis,Rater2,P06T09
1111.0,225,Pelvis,Rater2,P06T09
1112.0,226,Pelvis,Rater2,P06T09
1113.0,227,Pelvis,Rater2,P06T09
1114.0,228,Pelvis,Rater2,P06T09
1115.0,229,Other,Rater2,P06T09
1116.0,230,Other,Rater2,P06T09
1117.0,231,Other,Rater2,P06T09
1118.0,232,Other,Rater2,P06T09
1119.0,233,Pelvis,Rater2,P06T09
1120.0,234,Chest,Rater2,P06T09
1121.0,235,Chest,Rater2,P06T09
1122.0,236,Chest,Rater2,P06T09
1123.0,237,Chest,Rater2,P06T09
1124.0,238,Chest,Rater2,P06T09
1125.0,239,Chest,Rater2,P06T09
1126.0,240,Chest,Rater2,P06T09
1127.0,241,Chest,Rater2,P06T09
1128.0,242,Chest,Rater2,P06T09
1129.0,243,Chest,Rater2,P06T09
1130.0,244,Chest,Rater2,P06T09
1131.0,245,Chest,Rater2,P06T09
1132.0,246,Chest,Rater2,P06T09
1133.0,247,Chest,Rater2,P06T09
1134.0,248,Chest,Rater2,P06T09
1135.0,249,Chest,Rater2,P06T09
1136.0,250,Chest,Rater2,P06T09
1137.0,251,Chest,Rater2,P06T09
1138.0,252,Chest,Rater2,P06T09
1139.0,253,Chest,Rater2,P06T09
1140.0,254,Chest,Rater2,P06T09
1141.0,255,Chest,Rater2,P06T09
1142.0,256,Chest,Rater2,P06T09
1143.0,257,Chest,Rater2,P06T09
1144.0,258,Chest,Rater2,P06T09
1145.0,259,Chest,Rater2,P06T09
1146.0,260,Chest,Rater2,P06T09
1147.0,261,Chest,Rater2,P06T09
1148.0,262,Chest,Rater2,P06T09
1149.0,263,Chest,Rater2,P06T09
1150.0,264,Chest,Rater2,P06T09
1151.0,265,Chest,Rater2,P06T09
1152.0,266,Chest,Rater2,P06T09
1153.0,267,Chest,Rater2,P06T09
1154.0,268,Chest,Rater2,P06T09
1155.0,269,Chest,Rater2,P06T09
1156.0,270,Chest,Rater2,P06T09
1157.0,271,Chest,Rater2,P06T09
1158.0,272,Chest,Rater2,P06T09
1159.0,273,Chest,Rater2,P06T09
1160.0,274,Chest,Rater2,P06T09
1161.0,275,Chest,Rater2,P06T09
1162.0,276,Chest,Rater2,P06T09
1163.0,277,Chest,Rater2,P06T09
1164.0,278,Chest,Rater2,P06T09
1165.0,279,Chest,Rater2,P06T09
1166.0,280,Chest,Rater2,P06T09
1167.0,281,Chest,Rater2,P06T09
1168.0,282,Chest,Rater2,P06T09
1169.0,283,Chest,Rater2,P06T09
1170.0,284,Right arm,Rater2,P06T09
1171.0,285,Right arm,Rater2,P06T09
1172.0,286,Right arm,Rater2,P06T09
1173.0,287,Right arm,Rater2,P06T09
1174.0,288,Left arm,Rater2,P06T09
1175.0,289,Left arm,Rater2,P06T09
1176.0,290,Left arm,Rater2,P06T09
1177.0,291,Left arm,Rater2,P06T09
1178.0,292,Left arm,Rater2,P06T09
1179.0,293,Left arm,Rater2,P06T09
1180.0,294,Left arm,Rater2,P06T09
1181.0,295,Left arm,Rater2,P06T09
1182.0,296,Left arm,Rater2,P06T09
1183.0,297,Left arm,Rater2,P06T09
1184.0,298,Left arm,Rater2,P06T09
1185.0,299,Left arm,Rater2,P06T09
1186.0,300,Other,Rater2,P06T09
1187.0,301,Other,Rater2,P06T09
1188.0,195,Pelvis,Rater2,P07T09
1189.0,196,Pelvis,Rater2,P07T09
1190.0,197,Pelvis,Rater2,P07T09
1191.0,198,Pelvis,Rater2,P07T09
1192.0,199,Pelvis,Rater2,P07T09
1193.0,200,Pelvis,Rater2,P07T09
1194.0,201,Pelvis,Rater2,P07T09
1195.0,202,Pelvis,Rater2,P07T09
1196.0,203,Pelvis,Rater2,P07T09
1197.0,204,Pelvis,Rater2,P07T09
1198.0,205,Pelvis,Rater2,P07T09
1199.0,206,Pelvis,Rater2,P07T09
1200.0,207,Pelvis,Rater2,P07T09
1201.0,208,Pelvis,Rater2,P07T09
1202.0,209,Pelvis,Rater2,P07T09
1203.0,210,Pelvis,Rater2,P07T09
1204.0,211,Pelvis,Rater2,P07T09
1205.0,212,Pelvis,Rater2,P07T09
1206.0,213,Chest,Rater2,P07T09
1207.0,214,Chest,Rater2,P07T09
1208.0,215,Chest,Rater2,P07T09
1209.0,216,Chest,Rater2,P07T09
1210.0,217,Chest,Rater2,P07T09
1211.0,218,Chest,Rater2,P07T09
1212.0,219,Chest,Rater2,P07T09
1213.0,220,Chest,Rater2,P07T09
1214.0,221,Chest,Rater2,P07T09
1215.0,222,Chest,Rater2,P07T09
1216.0,223,Chest,Rater2,P07T09
1217.0,224,Chest,Rater2,P07T09
1218.0,225,Chest,Rater2,P07T09
1219.0,226,Chest,Rater2,P07T09
1220.0,227,Chest,Rater2,P07T09
1221.0,228,Chest,Rater2,P07T09
1222.0,229,Chest,Rater2,P07T09
1223.0,230,Chest,Rater2,P07T09
1224.0,231,Chest,Rater2,P07T09
1225.0,232,Chest,Rater2,P07T09
1226.0,233,Chest,Rater2,P07T09
1227.0,234,Chest,Rater2,P07T09
1228.0,235,Chest,Rater2,P07T09
1229.0,236,Chest,Rater2,P07T09
1230.0,237,Chest,Rater2,P07T09
1231.0,238,Chest,Rater2,P07T09
1232.0,239,Chest,Rater2,P07T09
1233.0,240,Chest,Rater2,P07T09
1234.0,241,Chest,Rater2,P07T09
1235.0,242,Chest,Rater2,P07T09
1236.0,243,Chest,Rater2,P07T09
1237.0,244,Chest,Rater2,P07T09
1238.0,245,Chest,Rater2,P07T09
1239.0,246,Right arm,Rater2,P07T09
1240.0,247,Right arm,Rater2,P07T09
1241.0,248,Right arm,Rater2,P07T09
1240.0,247,Right arm,Rater2,P07T09
1239.0,246,Right arm,Rater2,P07T09
1238.0,245,Chest,Rater2,P07T09
1239.0,246,Chest,Rater2,P07T09
1240.0,247,Chest,Rater2,P07T09
1241.0,248,Chest,Rater2,P07T09
1242.0,249,Chest,Rater2,P07T09
1243.0,250,Chest,Rater2,P07T09
1244.0,251,Pelvis,Rater2,P07T09
1245.0,252,Pelvis,Rater2,P07T09
1246.0,253,Pelvis,Rater2,P07T09
1247.0,254,Pelvis,Rater2,P07T09
1248.0,255,Pelvis,Rater2,P07T09
1249.0,256,Pelvis,Rater2,P07T09
1250.0,257,Pelvis,Rater2,P07T09
1251.0,258,Pelvis,Rater2,P07T09
1252.0,259,Pelvis,Rater2,P07T09
1253.0,260,Pelvis,Rater2,P07T09
1254.0,261,Pelvis,Rater2,P07T09
1255.0,262,Pelvis,Rater2,P07T09
1256.0,263,Pelvis,Rater2,P07T09
1257.0,264,Pelvis,Rater2,P07T09
1258.0,265,Pelvis,Rater2,P07T09
1259.0,266,Chest,Rater2,P07T09
1260.0,267,Chest,Rater2,P07T09
1261.0,268,Chest,Rater2,P07T09
1262.0,269,Chest,Rater2,P07T09
1263.0,270,Chest,Rater2,P07T09
1264.0,271,Chest,Rater2,P07T09
1265.0,272,Chest,Rater2,P07T09
1266.0,273,Chest,Rater2,P07T09
1267.0,274,Chest,Rater2,P07T09
1268.0,275,Chest,Rater2,P07T09
1269.0,276,Chest,Rater2,P07T09
1270.0,277,Chest,Rater2,P07T09
1271.0,278,Chest,Rater2,P07T09
1272.0,279,Chest,Rater2,P07T09
1273.0,280,Chest,Rater2,P07T09
1274.0,281,Chest,Rater2,P07T09
1275.0,282,Chest,Rater2,P07T09
1276.0,283,Chest,Rater2,P07T09
1277.0,284,Chest,Rater2,P07T09
1278.0,285,Chest,Rater2,P07T09
1279.0,286,Chest,Rater2,P07T09
1280.0,287,Chest,Rater2,P07T09
1281.0,288,Chest,Rater2,P07T09
1282.0,289,Chest,Rater2,P07T09
1283.0,290,Chest,Rater2,P07T09
1284.0,291,Chest,Rater2,P07T09
1285.0,292,Chest,Rater2,P07T09
1286.0,293,Chest,Rater2,P07T09
1287.0,294,Chest,Rater2,P07T09
1288.0,295,Chest,Rater2,P07T09
1289.0,296,Chest,Rater2,P07T09
1290.0,297,Chest,Rater2,P07T09
1291.0,298,Chest,Rater2,P07T09
1292.0,299,Chest,Rater2,P07T09
1293.0,300,Chest,Rater2,P07T09
1294.0,301,Chest,Rater2,P07T09
1295.0,302,Chest,Rater2,P07T09
1296.0,303,Chest,Rater2,P07T09
1297.0,304,Chest,Rater2,P07T09
1298.0,305,Chest,Rater2,P07T09
1299.0,306,Chest,Rater2,P07T09
1300.0,307,Chest,Rater2,P07T09
1301.0,308,Chest,Rater2,P07T09
1302.0,309,Right arm,Rater2,P07T09
1303.0,310,Right arm,Rater2,P07T09
1304.0,311,Right arm,Rater2,P07T09
1305.0,312,Right arm,Rater2,P07T09
1306.0,313,Chest,Rater2,P07T09
1307.0,314,Chest,Rater2,P07T09
1308.0,315,Chest,Rater2,P07T09
1309.0,316,Chest,Rater2,P07T09
1310.0,317,Chest,Rater2,P07T09
1311.0,318,Chest,Rater2,P07T09
1312.0,319,Chest,Rater2,P07T09
1313.0,320,Chest,Rater2,P07T09
1314.0,321,Chest,Rater2,P07T09
1315.0,322,Chest,Rater2,P07T09
1316.0,323,Chest,Rater2,P07T09
1317.0,324,Chest,Rater2,P07T09
1318.0,325,Chest,Rater2,P07T09
1319.0,326,Chest,Rater2,P07T09
1320.0,327,Chest,Rater2,P07T09
1321.0,328,Chest,Rater2,P07T09
1322.0,329,Chest,Rater2,P07T09
1323.0,330,Chest,Rater2,P07T09
1324.0,331,Chest,Rater2,P07T09
1325.0,332,Chest,Rater2,P07T09
1326.0,333,Chest,Rater2,P07T09
1327.0,334,Chest,Rater2,P07T09
1328.0,335,Chest,Rater2,P07T09
1329.0,336,Chest,Rater2,P07T09
1330.0,337,Chest,Rater2,P07T09
1331.0,338,Chest,Rater2,P07T09
1332.0,339,Chest,Rater2,P07T09
1333.0,340,Chest,Rater2,P07T09
1334.0,341,Chest,Rater2,P07T09
1335.0,342,Chest,Rater2,P07T09
1336.0,343,Chest,Rater2,P07T09
1337.0,344,Chest,Rater2,P07T09
1338.0,345,Chest,Rater2,P07T09
1339.0,346,Chest,Rater2,P07T09
1340.0,347,Chest,Rater2,P07T09
1341.0,348,Chest,Rater2,P07T09
1342.0,349,Chest,Rater2,P07T09
1343.0,350,Chest,Rater2,P07T09
1344.0,351,Chest,Rater2,P07T09
1345.0,352,Chest,Rater2,P07T09
1346.0,353,Chest,Rater2,P07T09
1347.0,354,Chest,Rater2,P07T09
1348.0,355,Chest,Rater2,P07T09
1349.0,356,Chest,Rater2,P07T09
1350.0,357,Chest,Rater2,P07T09
1351.0,358,Chest,Rater2,P07T09
1352.0,359,Chest,Rater2,P07T09
1353.0,360,Chest,Rater2,P07T09
1354.0,361,Chest,Rater2,P07T09
1355.0,362,Chest,Rater2,P07T09
1356.0,363,Chest,Rater2,P07T09
1357.0,364,Other,Rater2,P07T09
1358.0,365,Other,Rater2,P07T09
1359.0,366,Left arm,Rater2,P07T09
1360.0,191,Pelvis,Rater2,P07T23
1361.0,192,Pelvis,Rater2,P07T23
1362.0,193,Pelvis,Rater2,P07T23
1363.0,194,Pelvis,Rater2,P07T23
1364.0,195,Pelvis,Rater2,P07T23
1365.0,196,Pelvis,Rater2,P07T23
1366.0,197,Pelvis,Rater2,P07T23
1367.0,198,Pelvis,Rater2,P07T23
1368.0,199,Pelvis,Rater2,P07T23
1369.0,200,Pelvis,Rater2,P07T23
1370.0,201,Pelvis,Rater2,P07T23
1371.0,202,Pelvis,Rater2,P07T23
1372.0,203,Pelvis,Rater2,P07T23
1373.0,204,Pelvis,Rater2,P07T23
1374.0,205,Pelvis,Rater2,P07T23
1375.0,206,Pelvis,Rater2,P07T23
1376.0,207,Pelvis,Rater2,P07T23
1377.0,208,Pelvis,Rater2,P07T23
1378.0,209,Pelvis,Rater2,P07T23
1379.0,210,Pelvis,Rater2,P07T23
1380.0,211,Pelvis,Rater2,P07T23
1381.0,212,Pelvis,Rater2,P07T23
1382.0,213,Pelvis,Rater2,P07T23
1383.0,214,Pelvis,Rater2,P07T23
1384.0,215,Pelvis,Rater2,P07T23
1385.0,216,Pelvis,Rater2,P07T23
1386.0,217,Pelvis,Rater2,P07T23
1387.0,218,Pelvis,Rater2,P07T23
1388.0,219,Pelvis,Rater2,P07T23
1389.0,220,Chest,Rater2,P07T23
1390.0,221,Chest,Rater2,P07T23
1391.0,222,Chest,Rater2,P07T23
1392.0,223,Chest,Rater2,P07T23
1393.0,224,Chest,Rater2,P07T23
1394.0,225,Chest,Rater2,P07T23
1395.0,226,Chest,Rater2,P07T23
1396.0,227,Chest,Rater2,P07T23
1397.0,228,Chest,Rater2,P07T23
1398.0,229,Chest,Rater2,P07T23
1399.0,230,Chest,Rater2,P07T23
1400.0,231,Chest,Rater2,P07T23
1401.0,232,Chest,Rater2,P07T23
1402.0,233,Chest,Rater2,P07T23
1403.0,234,Chest,Rater2,P07T23
1404.0,235,Chest,Rater2,P07T23
1405.0,236,Chest,Rater2,P07T23
1406.0,237,Chest,Rater2,P07T23
1407.0,238,Chest,Rater2,P07T23
1408.0,239,Chest,Rater2,P07T23
1409.0,240,Chest,Rater2,P07T23
1410.0,241,Chest,Rater2,P07T23
1411.0,242,Chest,Rater2,P07T23
1412.0,243,Chest,Rater2,P07T23
1413.0,244,Chest,Rater2,P07T23
1414.0,245,Chest,Rater2,P07T23
1415.0,246,Chest,Rater2,P07T23
1416.0,247,Chest,Rater2,P07T23
1417.0,248,Chest,Rater2,P07T23
1418.0,249,Chest,Rater2,P07T23
1419.0,250,Chest,Rater2,P07T23
1420.0,251,Chest,Rater2,P07T23
1421.0,252,Chest,Rater2,P07T23
1422.0,253,Chest,Rater2,P07T23
1423.0,254,Chest,Rater2,P07T23
1424.0,255,Chest,Rater2,P07T23
1425.0,256,Chest,Rater2,P07T23
1426.0,257,Chest,Rater2,P07T23
1427.0,258,Chest,Rater2,P07T23
1428.0,259,Chest,Rater2,P07T23
1429.0,260,Chest,Rater2,P07T23
1430.0,261,Chest,Rater2,P07T23
1431.0,262,Chest,Rater2,P07T23
1432.0,263,Chest,Rater2,P07T23
1433.0,264,Chest,Rater2,P07T23
1434.0,265,Chest,Rater2,P07T23
1435.0,266,Chest,Rater2,P07T23
1436.0,267,Chest,Rater2,P07T23
1437.0,268,Chest,Rater2,P07T23
1438.0,269,Chest,Rater2,P07T23
1439.0,270,Chest,Rater2,P07T23
1440.0,271,Chest,Rater2,P07T23
1441.0,272,Chest,Rater2,P07T23
1442.0,273,Chest,Rater2,P07T23
1443.0,274,Chest,Rater2,P07T23
1444.0,275,Chest,Rater2,P07T23
1445.0,276,Chest,Rater2,P07T23
1446.0,277,Chest,Rater2,P07T23
1447.0,278,Chest,Rater2,P07T23
1448.0,279,Chest,Rater2,P07T23
1449.0,280,Chest,Rater2,P07T23
1450.0,281,Chest,Rater2,P07T23
1449.0,280,Chest,Rater2,P07T23
1448.0,279,Chest,Rater2,P07T23
1447.0,278,Chest,Rater2,P07T23
1446.0,277,Chest,Rater2,P07T23
1445.0,276,Chest,Rater2,P07T23
1444.0,275,Chest,Rater2,P07T23
1443.0,274,Right arm,Rater2,P07T23
1444.0,275,Right arm,Rater2,P07T23
1445.0,276,Right arm,Rater2,P07T23
1446.0,277,Right arm,Rater2,P07T23
1447.0,278,Right arm,Rater2,P07T23
1448.0,279,Right arm,Rater2,P07T23
1449.0,280,Right arm,Rater2,P07T23
1450.0,281,Right arm,Rater2,P07T23
1451.0,282,Right arm,Rater2,P07T23
1452.0,283,Right arm,Rater2,P07T23
1453.0,284,Chest,Rater2,P07T23
1454.0,285,Chest,Rater2,P07T23
1455.0,286,Chest,Rater2,P07T23
1456.0,287,Chest,Rater2,P07T23
1457.0,288,Chest,Rater2,P07T23
1458.0,289,Chest,Rater2,P07T23
1459.0,290,Chest,Rater2,P07T23
1460.0,291,Chest,Rater2,P07T23
1461.0,292,Chest,Rater2,P07T23
1462.0,293,Chest,Rater2,P07T23
1463.0,294,Chest,Rater2,P07T23
1464.0,295,Chest,Rater2,P07T23
1465.0,296,Chest,Rater2,P07T23
1466.0,297,Chest,Rater2,P07T23
1467.0,298,Chest,Rater2,P07T23
1468.0,299,Chest,Rater2,P07T23
1469.0,300,Chest,Rater2,P07T23
1470.0,301,Chest,Rater2,P07T23
1471.0,302,Chest,Rater2,P07T23
1472.0,303,Chest,Rater2,P07T23
1473.0,304,Chest,Rater2,P07T23
1474.0,305,Chest,Rater2,P07T23
1475.0,306,Chest,Rater2,P07T23
1476.0,307,Chest,Rater2,P07T23
1477.0,308,Chest,Rater2,P07T23
1478.0,309,Chest,Rater2,P07T23
1479.0,310,Chest,Rater2,P07T23
1480.0,311,Chest,Rater2,P07T23
1481.0,312,Chest,Rater2,P07T23
1482.0,313,Chest,Rater2,P07T23
1483.0,314,Chest,Rater2,P07T23
1484.0,315,Chest,Rater2,P07T23
1485.0,316,Chest,Rater2,P07T23
1486.0,317,Chest,Rater2,P07T23
1487.0,318,Chest,Rater2,P07T23
1488.0,319,Chest,Rater2,P07T23
1489.0,320,Chest,Rater2,P07T23
1490.0,321,Chest,Rater2,P07T23
1491.0,322,Chest,Rater2,P07T23
1492.0,323,Chest,Rater2,P07T23
1493.0,324,Chest,Rater2,P07T23
1494.0,325,Chest,Rater2,P07T23
1495.0,326,Chest,Rater2,P07T23
1496.0,327,Chest,Rater2,P07T23
1497.0,328,Left arm,Rater2,P07T23
1498.0,329,Left arm,Rater2,P07T23
1499.0,330,Left arm,Rater2,P07T23
1500.0,331,Left arm,Rater2,P07T23
1501.0,332,Left arm,Rater2,P07T23
1502.0,333,Left arm,Rater2,P07T23
1503.0,334,Left arm,Rater2,P07T23
1504.0,335,Left arm,Rater2,P07T23
1505.0,336,Left arm,Rater2,P07T23
1506.0,337,Left arm,Rater2,P07T23
1507.0,338,Left arm,Rater2,P07T23
1508.0,339,Left arm,Rater2,P07T23
1509.0,340,Left arm,Rater2,P07T23
1510.0,341,Left arm,Rater2,P07T23
1511.0,342,Left arm,Rater2,P07T23
1512.0,343,Left arm,Rater2,P07T23
1513.0,344,Left arm,Rater2,P07T23
1514.0,345,Left arm,Rater2,P07T23
1515.0,346,Left arm,Rater2,P07T23
1516.0,347,Left arm,Rater2,P07T23
1517.0,348,Left arm,Rater2,P07T23
1518.0,349,Left arm,Rater2,P07T23
1519.0,350,Chest,Rater2,P07T23
1520.0,351,Chest,Rater2,P07T23
1521.0,352,Chest,Rater2,P07T23
1522.0,353,Chest,Rater2,P07T23
1523.0,354,Chest,Rater2,P07T23
1524.0,355,Chest,Rater2,P07T23
1525.0,356,Chest,Rater2,P07T23
1526.0,357,Chest,Rater2,P07T23
1527.0,358,Chest,Rater2,P07T23
1528.0,359,Chest,Rater2,P07T23
1529.0,360,Chest,Rater2,P07T23
1530.0,361,Chest,Rater2,P07T23
1531.0,362,Chest,Rater2,P07T23
1532.0,363,Chest,Rater2,P07T23
1533.0,364,Chest,Rater2,P07T23
1534.0,365,Chest,Rater2,P07T23
1535.0,366,Chest,Rater2,P07T23
1536.0,367,Chest,Rater2,P07T23
1537.0,368,Chest,Rater2,P07T23
1538.0,369,Chest,Rater2,P07T23
1539.0,370,Chest,Rater2,P07T23
1540.0,371,Chest,Rater2,P07T23
1541.0,372,Chest,Rater2,P07T23
1542.0,373,Chest,Rater2,P07T23
1543.0,374,Chest,Rater2,P07T23
1544.0,375,Chest,Rater2,P07T23
1545.0,376,Chest,Rater2,P07T23
1546.0,377,Chest,Rater2,P07T23
1547.0,378,Chest,Rater2,P07T23
1548.0,379,Chest,Rater2,P07T23
1549.0,380,Chest,Rater2,P07T23
1550.0,381,Chest,Rater2,P07T23
1551.0,382,Chest,Rater2,P07T23
1552.0,383,Chest,Rater2,P07T23
1553.0,384,Chest,Rater2,P07T23
1554.0,385,Chest,Rater2,P07T23
1555.0,386,Chest,Rater2,P07T23
1556.0,387,Chest,Rater2,P07T23
1557.0,388,Chest,Rater2,P07T23
1558.0,389,Chest,Rater2,P07T23
1559.0,390,Chest,Rater2,P07T23
1560.0,391,Chest,Rater2,P07T23
1561.0,392,Chest,Rater2,P07T23
1562.0,393,Chest,Rater2,P07T23
1563.0,394,Chest,Rater2,P07T23
1564.0,395,Chest,Rater2,P07T23
1565.0,396,Chest,Rater2,P07T23
1566.0,397,Chest,Rater2,P07T23
1567.0,398,Chest,Rater2,P07T23
1568.0,399,Chest,Rater2,P07T23
1569.0,400,Chest,Rater2,P07T23
1570.0,401,Chest,Rater2,P07T23
1571.0,402,Chest,Rater2,P07T23
1572.0,403,Chest,Rater2,P07T23
1573.0,404,Chest,Rater2,P07T23
1574.0,405,Chest,Rater2,P07T23
1575.0,406,Chest,Rater2,P07T23
1576.0,407,Chest,Rater2,P07T23
1577.0,408,Chest,Rater2,P07T23
1578.0,409,Chest,Rater2,P07T23
1579.0,410,Chest,Rater2,P07T23
1580.0,411,Chest,Rater2,P07T23
1581.0,412,Chest,Rater2,P07T23
1582.0,413,Chest,Rater2,P07T23
1583.0,414,Chest,Rater2,P07T23
1584.0,415,Chest,Rater2,P07T23
1585.0,416,Chest,Rater2,P07T23
1586.0,417,Chest,Rater2,P07T23
1587.0,418,Chest,Rater2,P07T23
1588.0,419,Chest,Rater2,P07T23
1589.0,420,Chest,Rater2,P07T23
1590.0,421,Chest,Rater2,P07T23
1591.0,422,Chest,Rater2,P07T23
1592.0,423,Chest,Rater2,P07T23
1593.0,424,Chest,Rater2,P07T23
